name,cuisine_tag,density_g_per_ml,per_100g_kcal,per_100g_protein_g,per_100g_carbs_g,per_100g_fat_g,per_100g_fiber_g,per_100g_sugar_g,per_100g_sodium_mg,per_100g_cholesterol_mg,micronutrients_per_100g_json,notes
Grilled chicken breast,north_american,1.05,165,31.0,0,3.6,0,0,75,85,"{""fiber_g"":0,""sugar_g"":0,""sodium_mg"":75,""cholesterol_mg"":85,""potassium_mg"":256,""calcium_mg"":15,""iron_mg"":1.0,""vitamin_c_mg"":0,""vitamin_d_iu"":2,""vitamin_b12_mcg"":0.3,""magnesium_mg"":29,""zinc_mg"":1.0}",Skinless boneless protein staple
Ground beef 85 percent lean cooked,north_american,1.05,250,26.0,0,16.0,0,0,70,88,"{""fiber_g"":0,""sugar_g"":0,""sodium_mg"":70,""cholesterol_mg"":88,""potassium_mg"":290,""calcium_mg"":18,""iron_mg"":2.5,""vitamin_c_mg"":0,""vitamin_d_iu"":3,""vitamin_b12_mcg"":2.6,""magnesium_mg"":21,""zinc_mg"":5.5}",80 20 patty default
Scrambled eggs,north_american,1.03,149,10.0,1.6,11.0,0,1.4,145,277,"{""fiber_g"":0,""sugar_g"":1.4,""sodium_mg"":145,""cholesterol_mg"":277,""potassium_mg"":133,""calcium_mg"":54,""iron_mg"":1.3,""vitamin_c_mg"":0,""vitamin_d_iu"":74,""vitamin_b12_mcg"":1.0,""magnesium_mg"":11,""zinc_mg"":1.0}",With small amount of milk
Oatmeal cooked plain,north_american,1.03,71,2.5,12.0,1.5,1.7,0.3,4,0,"{""fiber_g"":1.7,""sugar_g"":0.3,""sodium_mg"":4,""cholesterol_mg"":0,""potassium_mg"":61,""calcium_mg"":9,""iron_mg"":0.9,""vitamin_c_mg"":0,""vitamin_d_iu"":0,""vitamin_b12_mcg"":0,""magnesium_mg"":26,""zinc_mg"":1.2}",Rolled oats with water
Greek yogurt plain nonfat,north_american,1.04,59,10.0,3.6,0.4,0,3.2,36,5,"{""fiber_g"":0,""sugar_g"":3.2,""sodium_mg"":36,""cholesterol_mg"":5,""potassium_mg"":141,""calcium_mg"":110,""iron_mg"":0,""vitamin_c_mg"":0,""vitamin_d_iu"":0,""vitamin_b12_mcg"":0.5,""magnesium_mg"":11,""zinc_mg"":0.5}",Strained dairy
Cheddar cheese,north_american,1.04,404,23.0,1.3,33.0,0,0.5,621,105,"{""fiber_g"":0,""sugar_g"":0.5,""sodium_mg"":621,""cholesterol_mg"":105,""potassium_mg"":98,""calcium_mg"":721,""iron_mg"":0.7,""vitamin_c_mg"":0,""vitamin_d_iu"":24,""vitamin_b12_mcg"":1.0,""magnesium_mg"":28,""zinc_mg"":3.1}",Sharp aged
Whole wheat bread,north_american,0.7,247,13.0,41.0,3.5,7.0,5.0,472,0,"{""fiber_g"":7.0,""sugar_g"":5.0,""sodium_mg"":472,""cholesterol_mg"":0,""potassium_mg"":248,""calcium_mg"":107,""iron_mg"":2.5,""vitamin_c_mg"":0,""vitamin_d_iu"":0,""vitamin_b12_mcg"":0,""magnesium_mg"":76,""zinc_mg"":1.8}",100 percent whole wheat
White bread,north_american,0.65,265,9.0,49.0,3.2,2.7,5.0,491,0,"{""fiber_g"":2.7,""sugar_g"":5.0,""sodium_mg"":491,""cholesterol_mg"":0,""potassium_mg"":115,""calcium_mg"":151,""iron_mg"":3.6,""vitamin_c_mg"":0,""vitamin_d_iu"":0,""vitamin_b12_mcg"":0,""magnesium_mg"":23,""zinc_mg"":0.7}",Standard sandwich bread
Bacon strips cooked,north_american,1.0,541,37.0,1.4,42.0,0,0,1717,110,"{""fiber_g"":0,""sugar_g"":0,""sodium_mg"":1717,""cholesterol_mg"":110,""potassium_mg"":565,""calcium_mg"":11,""iron_mg"":1.4,""vitamin_c_mg"":0,""vitamin_d_iu"":33,""vitamin_b12_mcg"":1.4,""magnesium_mg"":24,""zinc_mg"":3.3}",Pan fried crisp
Salmon Atlantic baked,north_american,1.05,206,22.0,0,12.0,0,0,61,63,"{""fiber_g"":0,""sugar_g"":0,""sodium_mg"":61,""cholesterol_mg"":63,""potassium_mg"":380,""calcium_mg"":15,""iron_mg"":0.8,""vitamin_c_mg"":0,""vitamin_d_iu"":526,""vitamin_b12_mcg"":3.2,""magnesium_mg"":30,""zinc_mg"":0.6}",Farm raised default
Tuna canned in water,north_american,1.03,116,25.5,0,0.8,0,0,247,36,"{""fiber_g"":0,""sugar_g"":0,""sodium_mg"":247,""cholesterol_mg"":36,""potassium_mg"":237,""calcium_mg"":17,""iron_mg"":1.4,""vitamin_c_mg"":0,""vitamin_d_iu"":80,""vitamin_b12_mcg"":2.5,""magnesium_mg"":27,""zinc_mg"":0.7}",Drained light tuna
Peanut butter,north_american,1.07,588,25.0,20.0,50.0,6.0,9.0,17,0,"{""fiber_g"":6.0,""sugar_g"":9.0,""sodium_mg"":17,""cholesterol_mg"":0,""potassium_mg"":649,""calcium_mg"":54,""iron_mg"":1.9,""vitamin_c_mg"":0,""vitamin_d_iu"":0,""vitamin_b12_mcg"":0,""magnesium_mg"":154,""zinc_mg"":2.5}",Natural unsweetened
Almonds raw,north_american,,579,21.0,22.0,50.0,12.5,4.4,1,0,"{""fiber_g"":12.5,""sugar_g"":4.4,""sodium_mg"":1,""cholesterol_mg"":0,""potassium_mg"":733,""calcium_mg"":269,""iron_mg"":3.7,""vitamin_c_mg"":0,""vitamin_d_iu"":0,""vitamin_b12_mcg"":0,""magnesium_mg"":270,""zinc_mg"":3.1}",Whole irregular shape
Avocado,north_american,0.92,160,2.0,8.5,14.7,6.7,0.7,7,0,"{""fiber_g"":6.7,""sugar_g"":0.7,""sodium_mg"":7,""cholesterol_mg"":0,""potassium_mg"":485,""calcium_mg"":12,""iron_mg"":0.6,""vitamin_c_mg"":10,""vitamin_d_iu"":0,""vitamin_b12_mcg"":0,""magnesium_mg"":29,""zinc_mg"":0.6}",Hass variety
Spinach raw,north_american,,23,2.9,3.6,0.4,2.2,0.4,79,0,"{""fiber_g"":2.2,""sugar_g"":0.4,""sodium_mg"":79,""cholesterol_mg"":0,""potassium_mg"":558,""calcium_mg"":99,""iron_mg"":2.7,""vitamin_c_mg"":28,""vitamin_d_iu"":0,""vitamin_b12_mcg"":0,""magnesium_mg"":79,""zinc_mg"":0.5}",Baby or mature leaves
Broccoli steamed,north_american,0.65,35,2.4,7.2,0.4,3.3,1.4,41,0,"{""fiber_g"":3.3,""sugar_g"":1.4,""sodium_mg"":41,""cholesterol_mg"":0,""potassium_mg"":293,""calcium_mg"":40,""iron_mg"":0.7,""vitamin_c_mg"":65,""vitamin_d_iu"":0,""vitamin_b12_mcg"":0,""magnesium_mg"":21,""zinc_mg"":0.4}",Florets default
Sweet potato baked,north_american,1.0,90,2.0,21.0,0.2,3.3,6.5,36,0,"{""fiber_g"":3.3,""sugar_g"":6.5,""sodium_mg"":36,""cholesterol_mg"":0,""potassium_mg"":475,""calcium_mg"":38,""iron_mg"":0.7,""vitamin_c_mg"":20,""vitamin_d_iu"":0,""vitamin_b12_mcg"":0,""magnesium_mg"":27,""zinc_mg"":0.3}",With skin
Russet potato baked,north_american,1.0,97,2.6,22.0,0.1,2.1,1.2,10,0,"{""fiber_g"":2.1,""sugar_g"":1.2,""sodium_mg"":10,""cholesterol_mg"":0,""potassium_mg"":535,""calcium_mg"":15,""iron_mg"":1.1,""vitamin_c_mg"":13,""vitamin_d_iu"":0,""vitamin_b12_mcg"":0,""magnesium_mg"":28,""zinc_mg"":0.4}",With skin
Brown rice cooked,north_american,0.78,123,2.7,26.0,1.0,1.6,0.3,4,0,"{""fiber_g"":1.6,""sugar_g"":0.3,""sodium_mg"":4,""cholesterol_mg"":0,""potassium_mg"":86,""calcium_mg"":10,""iron_mg"":0.5,""vitamin_c_mg"":0,""vitamin_d_iu"":0,""vitamin_b12_mcg"":0,""magnesium_mg"":44,""zinc_mg"":0.6}",Long grain
Spaghetti white cooked,north_american,1.1,158,5.8,31.0,0.9,1.8,0.6,1,0,"{""fiber_g"":1.8,""sugar_g"":0.6,""sodium_mg"":1,""cholesterol_mg"":0,""potassium_mg"":44,""calcium_mg"":7,""iron_mg"":1.3,""vitamin_c_mg"":0,""vitamin_d_iu"":0,""vitamin_b12_mcg"":0,""magnesium_mg"":18,""zinc_mg"":0.5}",Plain durum semolina
Cottage cheese low fat,north_american,1.05,81,11.0,3.4,2.3,0,3.0,364,13,"{""fiber_g"":0,""sugar_g"":3.0,""sodium_mg"":364,""cholesterol_mg"":13,""potassium_mg"":104,""calcium_mg"":83,""iron_mg"":0.1,""vitamin_c_mg"":0,""vitamin_d_iu"":4,""vitamin_b12_mcg"":0.4,""magnesium_mg"":8,""zinc_mg"":0.4}",2 percent milkfat
American cheese slice,north_american,1.04,375,16.0,7.0,31.0,0,1.5,1671,90,"{""fiber_g"":0,""sugar_g"":1.5,""sodium_mg"":1671,""cholesterol_mg"":90,""potassium_mg"":141,""calcium_mg"":562,""iron_mg"":0.4,""vitamin_c_mg"":0,""vitamin_d_iu"":12,""vitamin_b12_mcg"":0.6,""magnesium_mg"":17,""zinc_mg"":2.6}",Processed singles
Hamburger patty 80 20 cooked,north_american,1.05,254,26.0,0,17.0,0,0,75,87,"{""fiber_g"":0,""sugar_g"":0,""sodium_mg"":75,""cholesterol_mg"":87,""potassium_mg"":283,""calcium_mg"":18,""iron_mg"":2.6,""vitamin_c_mg"":0,""vitamin_d_iu"":3,""vitamin_b12_mcg"":2.4,""magnesium_mg"":20,""zinc_mg"":5.4}",Pan fried medium
Hot dog beef,north_american,1.05,290,11.0,4.0,26.0,0,1.5,1090,50,"{""fiber_g"":0,""sugar_g"":1.5,""sodium_mg"":1090,""cholesterol_mg"":50,""potassium_mg"":167,""calcium_mg"":12,""iron_mg"":1.5,""vitamin_c_mg"":0,""vitamin_d_iu"":0,""vitamin_b12_mcg"":1.0,""magnesium_mg"":12,""zinc_mg"":2.0}",Standard frankfurter
French fries,north_american,0.62,312,3.4,41.0,15.0,3.8,0.3,210,0,"{""fiber_g"":3.8,""sugar_g"":0.3,""sodium_mg"":210,""cholesterol_mg"":0,""potassium_mg"":579,""calcium_mg"":13,""iron_mg"":0.8,""vitamin_c_mg"":5,""vitamin_d_iu"":0,""vitamin_b12_mcg"":0,""magnesium_mg"":26,""zinc_mg"":0.4}",Restaurant fried
Macaroni and cheese,north_american,1.0,164,6.4,20.0,6.6,1.1,2.3,380,18,"{""fiber_g"":1.1,""sugar_g"":2.3,""sodium_mg"":380,""cholesterol_mg"":18,""potassium_mg"":104,""calcium_mg"":99,""iron_mg"":1.4,""vitamin_c_mg"":0,""vitamin_d_iu"":0,""vitamin_b12_mcg"":0.2,""magnesium_mg"":17,""zinc_mg"":1.0}",Boxed prepared
Caesar salad with dressing,north_american,,184,4.1,4.7,17.0,1.5,1.6,314,25,"{""fiber_g"":1.5,""sugar_g"":1.6,""sodium_mg"":314,""cholesterol_mg"":25,""potassium_mg"":222,""calcium_mg"":78,""iron_mg"":0.8,""vitamin_c_mg"":7,""vitamin_d_iu"":12,""vitamin_b12_mcg"":0.2,""magnesium_mg"":16,""zinc_mg"":0.5}",Romaine plus croutons
Apple,north_american,0.85,52,0.3,14.0,0.2,2.4,10.0,1,0,"{""fiber_g"":2.4,""sugar_g"":10.0,""sodium_mg"":1,""cholesterol_mg"":0,""potassium_mg"":107,""calcium_mg"":6,""iron_mg"":0.1,""vitamin_c_mg"":5,""vitamin_d_iu"":0,""vitamin_b12_mcg"":0,""magnesium_mg"":5,""zinc_mg"":0}",With skin
Banana,north_american,0.96,89,1.1,23.0,0.3,2.6,12.0,1,0,"{""fiber_g"":2.6,""sugar_g"":12.0,""sodium_mg"":1,""cholesterol_mg"":0,""potassium_mg"":358,""calcium_mg"":5,""iron_mg"":0.3,""vitamin_c_mg"":9,""vitamin_d_iu"":0,""vitamin_b12_mcg"":0,""magnesium_mg"":27,""zinc_mg"":0.2}",Cavendish standard
Orange juice fresh,north_american,1.05,45,0.7,10.0,0.2,0.2,8.4,1,0,"{""fiber_g"":0.2,""sugar_g"":8.4,""sodium_mg"":1,""cholesterol_mg"":0,""potassium_mg"":200,""calcium_mg"":11,""iron_mg"":0.2,""vitamin_c_mg"":50,""vitamin_d_iu"":0,""vitamin_b12_mcg"":0,""magnesium_mg"":11,""zinc_mg"":0.1}",Not from concentrate
Extra virgin olive oil,mediterranean,0.92,884,0,0,100,0,0,2,0,"{""fiber_g"":0,""sugar_g"":0,""sodium_mg"":2,""cholesterol_mg"":0,""potassium_mg"":1,""calcium_mg"":1,""iron_mg"":0.6,""vitamin_c_mg"":0,""vitamin_d_iu"":0,""vitamin_b12_mcg"":0,""magnesium_mg"":0,""zinc_mg"":0}",Cold pressed
Feta cheese,mediterranean,1.05,264,14.0,4.0,21.0,0,4.1,917,89,"{""fiber_g"":0,""sugar_g"":4.1,""sodium_mg"":917,""cholesterol_mg"":89,""potassium_mg"":62,""calcium_mg"":493,""iron_mg"":0.7,""vitamin_c_mg"":0,""vitamin_d_iu"":16,""vitamin_b12_mcg"":1.7,""magnesium_mg"":19,""zinc_mg"":2.9}",Sheep milk traditional
Kalamata olives,mediterranean,1.0,239,1.8,6.3,23.0,3.2,0.5,1556,0,"{""fiber_g"":3.2,""sugar_g"":0.5,""sodium_mg"":1556,""cholesterol_mg"":0,""potassium_mg"":91,""calcium_mg"":52,""iron_mg"":3.3,""vitamin_c_mg"":0,""vitamin_d_iu"":0,""vitamin_b12_mcg"":0,""magnesium_mg"":11,""zinc_mg"":0.2}",Brined whole
Hummus tahini classic,middle_eastern,1.05,166,7.9,14.3,9.6,6.0,0.3,379,0,"{""fiber_g"":6.0,""sugar_g"":0.3,""sodium_mg"":379,""cholesterol_mg"":0,""potassium_mg"":228,""calcium_mg"":38,""iron_mg"":2.4,""vitamin_c_mg"":0,""vitamin_d_iu"":0,""vitamin_b12_mcg"":0,""magnesium_mg"":71,""zinc_mg"":1.6}",Chickpea tahini garlic lemon
Tabbouleh,mediterranean,,160,3.3,18.6,8.5,4.9,2.4,224,0,"{""fiber_g"":4.9,""sugar_g"":2.4,""sodium_mg"":224,""cholesterol_mg"":0,""potassium_mg"":195,""calcium_mg"":33,""iron_mg"":1.8,""vitamin_c_mg"":18,""vitamin_d_iu"":0,""vitamin_b12_mcg"":0,""magnesium_mg"":24,""zinc_mg"":0.6}",Bulgur parsley tomato lemon
Falafel fried,mediterranean,,333,13.3,31.8,17.8,4.9,2.5,294,0,"{""fiber_g"":4.9,""sugar_g"":2.5,""sodium_mg"":294,""cholesterol_mg"":0,""potassium_mg"":585,""calcium_mg"":54,""iron_mg"":3.4,""vitamin_c_mg"":1,""vitamin_d_iu"":0,""vitamin_b12_mcg"":0,""magnesium_mg"":82,""zinc_mg"":1.5}",Chickpea fried balls
Pita bread white,mediterranean,0.6,275,9.1,55.7,1.2,2.2,1.3,536,0,"{""fiber_g"":2.2,""sugar_g"":1.3,""sodium_mg"":536,""cholesterol_mg"":0,""potassium_mg"":120,""calcium_mg"":86,""iron_mg"":2.8,""vitamin_c_mg"":0,""vitamin_d_iu"":0,""vitamin_b12_mcg"":0,""magnesium_mg"":25,""zinc_mg"":0.6}",Pocket bread standard
Lentil soup,mediterranean,1.02,76,5.5,12.6,0.7,3.5,2.0,355,0,"{""fiber_g"":3.5,""sugar_g"":2.0,""sodium_mg"":355,""cholesterol_mg"":0,""potassium_mg"":237,""calcium_mg"":15,""iron_mg"":1.7,""vitamin_c_mg"":1,""vitamin_d_iu"":0,""vitamin_b12_mcg"":0,""magnesium_mg"":15,""zinc_mg"":0.5}",Brown or green lentil
Greek salad with feta,mediterranean,,107,3.7,6.0,8.2,1.8,3.0,406,12,"{""fiber_g"":1.8,""sugar_g"":3.0,""sodium_mg"":406,""cholesterol_mg"":12,""potassium_mg"":211,""calcium_mg"":92,""iron_mg"":0.7,""vitamin_c_mg"":18,""vitamin_d_iu"":3,""vitamin_b12_mcg"":0.4,""magnesium_mg"":17,""zinc_mg"":0.6}",Cucumber tomato olive feta
Grilled lamb skewer,mediterranean,1.05,267,25.0,0,18.0,0,0,80,97,"{""fiber_g"":0,""sugar_g"":0,""sodium_mg"":80,""cholesterol_mg"":97,""potassium_mg"":284,""calcium_mg"":17,""iron_mg"":1.8,""vitamin_c_mg"":0,""vitamin_d_iu"":0,""vitamin_b12_mcg"":2.6,""magnesium_mg"":25,""zinc_mg"":4.5}",Lean leg meat
Tomato sauce marinara,mediterranean,1.05,55,1.6,8.0,1.7,1.9,4.7,422,0,"{""fiber_g"":1.9,""sugar_g"":4.7,""sodium_mg"":422,""cholesterol_mg"":0,""potassium_mg"":275,""calcium_mg"":14,""iron_mg"":1.0,""vitamin_c_mg"":7,""vitamin_d_iu"":0,""vitamin_b12_mcg"":0,""magnesium_mg"":17,""zinc_mg"":0.2}",Tomato olive oil basil
Fresh mozzarella,mediterranean,1.04,300,22.0,2.0,22.0,0,1.0,16,79,"{""fiber_g"":0,""sugar_g"":1.0,""sodium_mg"":16,""cholesterol_mg"":79,""potassium_mg"":76,""calcium_mg"":505,""iron_mg"":0.2,""vitamin_c_mg"":0,""vitamin_d_iu"":16,""vitamin_b12_mcg"":2.3,""magnesium_mg"":20,""zinc_mg"":2.8}",Cow milk ball
Pesto basil,mediterranean,1.02,418,5.0,5.0,43.0,2.0,1.0,673,12,"{""fiber_g"":2.0,""sugar_g"":1.0,""sodium_mg"":673,""cholesterol_mg"":12,""potassium_mg"":92,""calcium_mg"":205,""iron_mg"":1.4,""vitamin_c_mg"":3,""vitamin_d_iu"":0,""vitamin_b12_mcg"":0.1,""magnesium_mg"":30,""zinc_mg"":1.1}",Basil pine nut olive oil parmesan
Whole wheat couscous cooked,mediterranean,1.0,124,5.0,25.0,1.0,2.4,0.2,5,0,"{""fiber_g"":2.4,""sugar_g"":0.2,""sodium_mg"":5,""cholesterol_mg"":0,""potassium_mg"":58,""calcium_mg"":8,""iron_mg"":0.4,""vitamin_c_mg"":0,""vitamin_d_iu"":0,""vitamin_b12_mcg"":0,""magnesium_mg"":22,""zinc_mg"":0.5}",Cooked durum semolina pellet
Sardines in olive oil drained,mediterranean,1.02,208,25.0,0,11.5,0,0,307,142,"{""fiber_g"":0,""sugar_g"":0,""sodium_mg"":307,""cholesterol_mg"":142,""potassium_mg"":397,""calcium_mg"":382,""iron_mg"":2.9,""vitamin_c_mg"":0,""vitamin_d_iu"":193,""vitamin_b12_mcg"":8.9,""magnesium_mg"":39,""zinc_mg"":1.3}",With bones
Calamari grilled,mediterranean,1.05,175,18.0,3.5,9.0,0,0,98,210,"{""fiber_g"":0,""sugar_g"":0,""sodium_mg"":98,""cholesterol_mg"":210,""potassium_mg"":270,""calcium_mg"":35,""iron_mg"":0.9,""vitamin_c_mg"":0,""vitamin_d_iu"":0,""vitamin_b12_mcg"":1.3,""magnesium_mg"":33,""zinc_mg"":1.5}",Rings or whole tubes
Eggplant grilled,mediterranean,0.8,38,1.0,8.0,0.5,3.0,3.0,3,0,"{""fiber_g"":3.0,""sugar_g"":3.0,""sodium_mg"":3,""cholesterol_mg"":0,""potassium_mg"":230,""calcium_mg"":9,""iron_mg"":0.2,""vitamin_c_mg"":1,""vitamin_d_iu"":0,""vitamin_b12_mcg"":0,""magnesium_mg"":11,""zinc_mg"":0.1}",With skin
Roasted red peppers,mediterranean,0.85,35,1.0,7.0,0.4,2.0,4.0,12,0,"{""fiber_g"":2.0,""sugar_g"":4.0,""sodium_mg"":12,""cholesterol_mg"":0,""potassium_mg"":211,""calcium_mg"":7,""iron_mg"":0.4,""vitamin_c_mg"":128,""vitamin_d_iu"":0,""vitamin_b12_mcg"":0,""magnesium_mg"":12,""zinc_mg"":0.3}",Jarred in brine
Tzatziki yogurt sauce,mediterranean,1.04,70,3.2,3.5,4.5,0.3,2.5,272,10,"{""fiber_g"":0.3,""sugar_g"":2.5,""sodium_mg"":272,""cholesterol_mg"":10,""potassium_mg"":130,""calcium_mg"":85,""iron_mg"":0.1,""vitamin_c_mg"":1,""vitamin_d_iu"":4,""vitamin_b12_mcg"":0.3,""magnesium_mg"":11,""zinc_mg"":0.4}",Cucumber yogurt garlic dill
Baba ganoush,mediterranean,1.0,135,3.0,9.0,10.5,3.5,4.0,290,0,"{""fiber_g"":3.5,""sugar_g"":4.0,""sodium_mg"":290,""cholesterol_mg"":0,""potassium_mg"":195,""calcium_mg"":28,""iron_mg"":0.7,""vitamin_c_mg"":2,""vitamin_d_iu"":0,""vitamin_b12_mcg"":0,""magnesium_mg"":29,""zinc_mg"":0.4}",Eggplant tahini lemon
Black beans cooked,latin_american,1.0,132,8.9,23.7,0.5,8.7,0.3,237,0,"{""fiber_g"":8.7,""sugar_g"":0.3,""sodium_mg"":237,""cholesterol_mg"":0,""potassium_mg"":355,""calcium_mg"":27,""iron_mg"":2.1,""vitamin_c_mg"":0,""vitamin_d_iu"":0,""vitamin_b12_mcg"":0,""magnesium_mg"":70,""zinc_mg"":1.1}",Drained no added salt
White rice cooked,latin_american,0.85,130,2.7,28.0,0.3,0.4,0.1,1,0,"{""fiber_g"":0.4,""sugar_g"":0.1,""sodium_mg"":1,""cholesterol_mg"":0,""potassium_mg"":35,""calcium_mg"":10,""iron_mg"":0.2,""vitamin_c_mg"":0,""vitamin_d_iu"":0,""vitamin_b12_mcg"":0,""magnesium_mg"":12,""zinc_mg"":0.5}",Long grain converted
Corn tortilla,latin_american,0.75,218,5.7,44.6,2.9,4.8,1.0,45,0,"{""fiber_g"":4.8,""sugar_g"":1.0,""sodium_mg"":45,""cholesterol_mg"":0,""potassium_mg"":186,""calcium_mg"":81,""iron_mg"":1.2,""vitamin_c_mg"":0,""vitamin_d_iu"":0,""vitamin_b12_mcg"":0,""magnesium_mg"":72,""zinc_mg"":1.0}",Yellow nixtamalized
Flour tortilla,latin_american,0.7,306,8.2,52.0,7.4,3.2,2.7,683,0,"{""fiber_g"":3.2,""sugar_g"":2.7,""sodium_mg"":683,""cholesterol_mg"":0,""potassium_mg"":135,""calcium_mg"":135,""iron_mg"":3.0,""vitamin_c_mg"":0,""vitamin_d_iu"":0,""vitamin_b12_mcg"":0,""magnesium_mg"":21,""zinc_mg"":0.6}",White wheat
Refried beans,latin_american,1.05,107,6.2,17.7,1.7,5.4,0.5,476,2,"{""fiber_g"":5.4,""sugar_g"":0.5,""sodium_mg"":476,""cholesterol_mg"":2,""potassium_mg"":392,""calcium_mg"":40,""iron_mg"":1.6,""vitamin_c_mg"":7,""vitamin_d_iu"":0,""vitamin_b12_mcg"":0,""magnesium_mg"":34,""zinc_mg"":0.9}",Canned pinto refried
Pico de gallo,latin_american,1.0,28,1.0,6.0,0.3,1.7,3.5,239,0,"{""fiber_g"":1.7,""sugar_g"":3.5,""sodium_mg"":239,""cholesterol_mg"":0,""potassium_mg"":234,""calcium_mg"":12,""iron_mg"":0.4,""vitamin_c_mg"":17,""vitamin_d_iu"":0,""vitamin_b12_mcg"":0,""magnesium_mg"":11,""zinc_mg"":0.1}",Tomato onion cilantro jalapeno lime
Guacamole,latin_american,0.95,150,2.0,8.0,13.0,6.0,1.0,330,0,"{""fiber_g"":6.0,""sugar_g"":1.0,""sodium_mg"":330,""cholesterol_mg"":0,""potassium_mg"":450,""calcium_mg"":13,""iron_mg"":0.6,""vitamin_c_mg"":12,""vitamin_d_iu"":0,""vitamin_b12_mcg"":0,""magnesium_mg"":27,""zinc_mg"":0.5}",Mashed avocado lime salt
Carne asada,latin_american,1.05,210,28.0,1.5,9.5,0,1.0,365,75,"{""fiber_g"":0,""sugar_g"":1.0,""sodium_mg"":365,""cholesterol_mg"":75,""potassium_mg"":316,""calcium_mg"":18,""iron_mg"":2.4,""vitamin_c_mg"":2,""vitamin_d_iu"":0,""vitamin_b12_mcg"":2.5,""magnesium_mg"":24,""zinc_mg"":4.5}",Marinated grilled skirt steak
Carnitas pork,latin_american,1.05,250,21.0,1.0,18.0,0,0,420,80,"{""fiber_g"":0,""sugar_g"":0,""sodium_mg"":420,""cholesterol_mg"":80,""potassium_mg"":260,""calcium_mg"":12,""iron_mg"":1.0,""vitamin_c_mg"":0,""vitamin_d_iu"":53,""vitamin_b12_mcg"":0.7,""magnesium_mg"":18,""zinc_mg"":2.4}",Slow braised seasoned pork
Plantain fried tostones,latin_american,0.9,277,1.8,55.0,7.6,4.0,18.0,3,0,"{""fiber_g"":4.0,""sugar_g"":18.0,""sodium_mg"":3,""cholesterol_mg"":0,""potassium_mg"":499,""calcium_mg"":3,""iron_mg"":0.6,""vitamin_c_mg"":11,""vitamin_d_iu"":0,""vitamin_b12_mcg"":0,""magnesium_mg"":36,""zinc_mg"":0.2}",Twice fried green plantain
Yuca boiled,latin_american,1.0,160,1.4,38.1,0.3,1.8,1.7,14,0,"{""fiber_g"":1.8,""sugar_g"":1.7,""sodium_mg"":14,""cholesterol_mg"":0,""potassium_mg"":271,""calcium_mg"":16,""iron_mg"":0.3,""vitamin_c_mg"":21,""vitamin_d_iu"":0,""vitamin_b12_mcg"":0,""magnesium_mg"":21,""zinc_mg"":0.3}",Cassava root peeled boiled
Empanada beef baked,latin_american,,265,11.0,28.0,12.0,1.5,2.0,420,32,"{""fiber_g"":1.5,""sugar_g"":2.0,""sodium_mg"":420,""cholesterol_mg"":32,""potassium_mg"":170,""calcium_mg"":35,""iron_mg"":1.8,""vitamin_c_mg"":1,""vitamin_d_iu"":2,""vitamin_b12_mcg"":0.8,""magnesium_mg"":17,""zinc_mg"":1.5}",Pastry beef onion stuffed
Tres leches cake slice,latin_american,,280,5.0,38.0,12.5,0.5,28.0,180,75,"{""fiber_g"":0.5,""sugar_g"":28.0,""sodium_mg"":180,""cholesterol_mg"":75,""potassium_mg"":135,""calcium_mg"":120,""iron_mg"":0.6,""vitamin_c_mg"":0,""vitamin_d_iu"":15,""vitamin_b12_mcg"":0.4,""magnesium_mg"":12,""zinc_mg"":0.5}",Three milk soaked sponge cake
Horchata rice milk,latin_american,1.0,67,0.3,15.0,0.7,0,11.5,15,0,"{""fiber_g"":0,""sugar_g"":11.5,""sodium_mg"":15,""cholesterol_mg"":0,""potassium_mg"":15,""calcium_mg"":12,""iron_mg"":0.1,""vitamin_c_mg"":0,""vitamin_d_iu"":0,""vitamin_b12_mcg"":0,""magnesium_mg"":5,""zinc_mg"":0.1}",Sweet rice cinnamon drink
Salsa verde,latin_american,1.02,36,1.5,7.0,0.5,1.5,3.5,711,0,"{""fiber_g"":1.5,""sugar_g"":3.5,""sodium_mg"":711,""cholesterol_mg"":0,""potassium_mg"":220,""calcium_mg"":12,""iron_mg"":0.5,""vitamin_c_mg"":13,""vitamin_d_iu"":0,""vitamin_b12_mcg"":0,""magnesium_mg"":11,""zinc_mg"":0.2}",Tomatillo cilantro jalapeno
Chorizo Mexican,latin_american,1.05,455,21.0,2.0,38.0,0,1.0,1235,88,"{""fiber_g"":0,""sugar_g"":1.0,""sodium_mg"":1235,""cholesterol_mg"":88,""potassium_mg"":260,""calcium_mg"":14,""iron_mg"":1.7,""vitamin_c_mg"":0,""vitamin_d_iu"":12,""vitamin_b12_mcg"":1.4,""magnesium_mg"":18,""zinc_mg"":2.6}",Fresh raw pork sausage
Tamale chicken,latin_american,,191,7.0,24.0,7.5,2.5,1.5,350,21,"{""fiber_g"":2.5,""sugar_g"":1.5,""sodium_mg"":350,""cholesterol_mg"":21,""potassium_mg"":154,""calcium_mg"":40,""iron_mg"":1.0,""vitamin_c_mg"":2,""vitamin_d_iu"":2,""vitamin_b12_mcg"":0.2,""magnesium_mg"":33,""zinc_mg"":0.7}",Masa wrapped steamed
Pupusa cheese,latin_american,,239,7.5,33.0,8.5,3.0,1.0,330,20,"{""fiber_g"":3.0,""sugar_g"":1.0,""sodium_mg"":330,""cholesterol_mg"":20,""potassium_mg"":140,""calcium_mg"":140,""iron_mg"":1.2,""vitamin_c_mg"":0,""vitamin_d_iu"":4,""vitamin_b12_mcg"":0.3,""magnesium_mg"":40,""zinc_mg"":1.0}",Salvadoran stuffed corn cake
Ceviche shrimp,latin_american,1.02,90,15.0,5.0,1.0,0.5,2.0,310,90,"{""fiber_g"":0.5,""sugar_g"":2.0,""sodium_mg"":310,""cholesterol_mg"":90,""potassium_mg"":220,""calcium_mg"":48,""iron_mg"":1.0,""vitamin_c_mg"":18,""vitamin_d_iu"":0,""vitamin_b12_mcg"":1.0,""magnesium_mg"":29,""zinc_mg"":1.0}",Lime cured shrimp tomato cilantro onion
Mole poblano sauce,latin_american,1.05,210,4.0,18.0,14.0,3.5,7.0,520,5,"{""fiber_g"":3.5,""sugar_g"":7.0,""sodium_mg"":520,""cholesterol_mg"":5,""potassium_mg"":345,""calcium_mg"":68,""iron_mg"":2.5,""vitamin_c_mg"":1,""vitamin_d_iu"":0,""vitamin_b12_mcg"":0,""magnesium_mg"":52,""zinc_mg"":0.9}",Chile chocolate nut seed sauce
Jasmine rice steamed,east_asian,0.85,129,2.7,28.2,0.3,0.6,0.1,1,0,"{""fiber_g"":0.6,""sugar_g"":0.1,""sodium_mg"":1,""cholesterol_mg"":0,""potassium_mg"":35,""calcium_mg"":10,""iron_mg"":0.2,""vitamin_c_mg"":0,""vitamin_d_iu"":0,""vitamin_b12_mcg"":0,""magnesium_mg"":12,""zinc_mg"":0.5}",Thai or Cambodian aromatic
Tofu firm,east_asian,1.07,144,17.3,2.8,8.7,2.3,0.6,14,0,"{""fiber_g"":2.3,""sugar_g"":0.6,""sodium_mg"":14,""cholesterol_mg"":0,""potassium_mg"":237,""calcium_mg"":683,""iron_mg"":2.7,""vitamin_c_mg"":0,""vitamin_d_iu"":0,""vitamin_b12_mcg"":0,""magnesium_mg"":58,""zinc_mg"":1.6}",Calcium sulfate set
Soy sauce regular,east_asian,1.18,53,5.1,5.6,0.6,0.8,0.4,5586,0,"{""fiber_g"":0.8,""sugar_g"":0.4,""sodium_mg"":5586,""cholesterol_mg"":0,""potassium_mg"":212,""calcium_mg"":17,""iron_mg"":2.4,""vitamin_c_mg"":0,""vitamin_d_iu"":0,""vitamin_b12_mcg"":0,""magnesium_mg"":40,""zinc_mg"":0.5}",Brewed shoyu
Kimchi napa cabbage,east_asian,0.95,15,1.1,2.4,0.5,1.6,0.5,498,0,"{""fiber_g"":1.6,""sugar_g"":0.5,""sodium_mg"":498,""cholesterol_mg"":0,""potassium_mg"":150,""calcium_mg"":50,""iron_mg"":0.5,""vitamin_c_mg"":18,""vitamin_d_iu"":0,""vitamin_b12_mcg"":0,""magnesium_mg"":13,""zinc_mg"":0.2}",Fermented Korean staple
Edamame steamed,east_asian,0.85,121,11.9,8.9,5.2,5.2,2.2,6,0,"{""fiber_g"":5.2,""sugar_g"":2.2,""sodium_mg"":6,""cholesterol_mg"":0,""potassium_mg"":436,""calcium_mg"":63,""iron_mg"":2.3,""vitamin_c_mg"":6,""vitamin_d_iu"":0,""vitamin_b12_mcg"":0,""magnesium_mg"":64,""zinc_mg"":1.4}",Young soybean pods
Miso soup broth,east_asian,1.02,30,2.2,4.0,0.7,0.5,0.5,820,0,"{""fiber_g"":0.5,""sugar_g"":0.5,""sodium_mg"":820,""cholesterol_mg"":0,""potassium_mg"":54,""calcium_mg"":22,""iron_mg"":0.5,""vitamin_c_mg"":0,""vitamin_d_iu"":0,""vitamin_b12_mcg"":0.1,""magnesium_mg"":10,""zinc_mg"":0.4}",Dashi miso scallion tofu
Sushi rice vinegared,east_asian,0.95,140,2.4,30.0,0.3,0.3,2.5,108,0,"{""fiber_g"":0.3,""sugar_g"":2.5,""sodium_mg"":108,""cholesterol_mg"":0,""potassium_mg"":32,""calcium_mg"":12,""iron_mg"":0.2,""vitamin_c_mg"":0,""vitamin_d_iu"":0,""vitamin_b12_mcg"":0,""magnesium_mg"":10,""zinc_mg"":0.4}",Short grain with rice vinegar sugar salt
Salmon nigiri sushi,east_asian,1.05,150,8.0,20.0,3.5,0.2,1.8,90,18,"{""fiber_g"":0.2,""sugar_g"":1.8,""sodium_mg"":90,""cholesterol_mg"":18,""potassium_mg"":140,""calcium_mg"":10,""iron_mg"":0.4,""vitamin_c_mg"":0,""vitamin_d_iu"":150,""vitamin_b12_mcg"":1.2,""magnesium_mg"":15,""zinc_mg"":0.4}",Rice cake topped with raw salmon
California roll piece,east_asian,1.05,145,4.5,22.0,4.5,1.0,2.0,210,12,"{""fiber_g"":1.0,""sugar_g"":2.0,""sodium_mg"":210,""cholesterol_mg"":12,""potassium_mg"":80,""calcium_mg"":15,""iron_mg"":0.4,""vitamin_c_mg"":2,""vitamin_d_iu"":0,""vitamin_b12_mcg"":0.1,""magnesium_mg"":12,""zinc_mg"":0.4}",Crab avocado cucumber rice nori
Ramen noodles cooked,east_asian,1.0,138,4.5,27.0,1.2,1.0,0.5,200,0,"{""fiber_g"":1.0,""sugar_g"":0.5,""sodium_mg"":200,""cholesterol_mg"":0,""potassium_mg"":42,""calcium_mg"":15,""iron_mg"":1.2,""vitamin_c_mg"":0,""vitamin_d_iu"":0,""vitamin_b12_mcg"":0,""magnesium_mg"":18,""zinc_mg"":0.5}",Wheat alkaline noodle plain cooked
Udon noodles cooked,east_asian,1.05,127,3.4,26.0,0.7,1.4,0.3,213,0,"{""fiber_g"":1.4,""sugar_g"":0.3,""sodium_mg"":213,""cholesterol_mg"":0,""potassium_mg"":40,""calcium_mg"":11,""iron_mg"":0.3,""vitamin_c_mg"":0,""vitamin_d_iu"":0,""vitamin_b12_mcg"":0,""magnesium_mg"":15,""zinc_mg"":0.4}",Thick Japanese wheat noodle
Chow mein noodles stir fried,east_asian,,225,7.0,29.0,9.0,1.8,1.5,420,20,"{""fiber_g"":1.8,""sugar_g"":1.5,""sodium_mg"":420,""cholesterol_mg"":20,""potassium_mg"":135,""calcium_mg"":18,""iron_mg"":1.6,""vitamin_c_mg"":3,""vitamin_d_iu"":0,""vitamin_b12_mcg"":0.1,""magnesium_mg"":22,""zinc_mg"":0.7}",Wheat noodle wok fried with vegetables
Stir fry mixed vegetables,east_asian,,85,2.5,12.0,3.5,3.0,4.0,310,0,"{""fiber_g"":3.0,""sugar_g"":4.0,""sodium_mg"":310,""cholesterol_mg"":0,""potassium_mg"":275,""calcium_mg"":52,""iron_mg"":0.9,""vitamin_c_mg"":35,""vitamin_d_iu"":0,""vitamin_b12_mcg"":0,""magnesium_mg"":22,""zinc_mg"":0.4}",Broccoli carrot pepper snap pea wok
General Tso chicken,east_asian,,250,15.0,21.0,12.0,1.0,11.0,580,55,"{""fiber_g"":1.0,""sugar_g"":11.0,""sodium_mg"":580,""cholesterol_mg"":55,""potassium_mg"":210,""calcium_mg"":22,""iron_mg"":1.2,""vitamin_c_mg"":4,""vitamin_d_iu"":0,""vitamin_b12_mcg"":0.3,""magnesium_mg"":24,""zinc_mg"":1.2}",Battered fried chicken sweet sauce
Beef and broccoli,east_asian,,150,14.0,9.0,7.0,2.0,4.0,650,35,"{""fiber_g"":2.0,""sugar_g"":4.0,""sodium_mg"":650,""cholesterol_mg"":35,""potassium_mg"":270,""calcium_mg"":50,""iron_mg"":1.8,""vitamin_c_mg"":35,""vitamin_d_iu"":0,""vitamin_b12_mcg"":1.5,""magnesium_mg"":24,""zinc_mg"":2.5}",Wok beef with broccoli soy sauce
Egg drop soup,east_asian,1.02,45,2.5,5.0,1.7,0.3,1.0,720,40,"{""fiber_g"":0.3,""sugar_g"":1.0,""sodium_mg"":720,""cholesterol_mg"":40,""potassium_mg"":35,""calcium_mg"":12,""iron_mg"":0.4,""vitamin_c_mg"":0,""vitamin_d_iu"":12,""vitamin_b12_mcg"":0.2,""magnesium_mg"":5,""zinc_mg"":0.3}",Cornstarch thickened chicken broth egg
Wonton soup,east_asian,1.02,55,3.5,6.5,1.7,0.5,0.8,580,12,"{""fiber_g"":0.5,""sugar_g"":0.8,""sodium_mg"":580,""cholesterol_mg"":12,""potassium_mg"":52,""calcium_mg"":11,""iron_mg"":0.5,""vitamin_c_mg"":1,""vitamin_d_iu"":0,""vitamin_b12_mcg"":0.1,""magnesium_mg"":7,""zinc_mg"":0.3}",Pork shrimp dumplings in broth
Spring roll fried,east_asian,,221,5.0,26.0,11.0,1.8,2.5,395,2,"{""fiber_g"":1.8,""sugar_g"":2.5,""sodium_mg"":395,""cholesterol_mg"":2,""potassium_mg"":120,""calcium_mg"":22,""iron_mg"":1.0,""vitamin_c_mg"":4,""vitamin_d_iu"":0,""vitamin_b12_mcg"":0,""magnesium_mg"":14,""zinc_mg"":0.4}",Wheat skin cabbage carrot deep fried
Pork dumpling steamed,east_asian,,235,9.5,30.0,8.5,1.7,1.5,400,30,"{""fiber_g"":1.7,""sugar_g"":1.5,""sodium_mg"":400,""cholesterol_mg"":30,""potassium_mg"":175,""calcium_mg"":21,""iron_mg"":1.3,""vitamin_c_mg"":2,""vitamin_d_iu"":4,""vitamin_b12_mcg"":0.4,""magnesium_mg"":18,""zinc_mg"":1.0}",Jiaozi or shumai
Sashimi tuna,east_asian,1.05,144,23.4,0,4.9,0,0,39,49,"{""fiber_g"":0,""sugar_g"":0,""sodium_mg"":39,""cholesterol_mg"":49,""potassium_mg"":252,""calcium_mg"":8,""iron_mg"":1.0,""vitamin_c_mg"":0,""vitamin_d_iu"":80,""vitamin_b12_mcg"":2.0,""magnesium_mg"":50,""zinc_mg"":0.4}",Raw yellowfin slices
Bibimbap bowl,east_asian,,135,5.5,18.0,4.0,2.5,3.0,420,32,"{""fiber_g"":2.5,""sugar_g"":3.0,""sodium_mg"":420,""cholesterol_mg"":32,""potassium_mg"":215,""calcium_mg"":52,""iron_mg"":1.8,""vitamin_c_mg"":12,""vitamin_d_iu"":12,""vitamin_b12_mcg"":0.5,""magnesium_mg"":35,""zinc_mg"":1.2}",Korean rice vegetables egg gochujang
Bulgogi beef Korean,east_asian,1.05,205,21.0,9.0,9.0,0.3,7.0,750,50,"{""fiber_g"":0.3,""sugar_g"":7.0,""sodium_mg"":750,""cholesterol_mg"":50,""potassium_mg"":325,""calcium_mg"":22,""iron_mg"":2.5,""vitamin_c_mg"":4,""vitamin_d_iu"":0,""vitamin_b12_mcg"":2.5,""magnesium_mg"":25,""zinc_mg"":4.6}",Marinated grilled thin sliced beef
Kimbap rice roll,east_asian,,165,5.0,28.0,4.0,1.5,3.0,380,15,"{""fiber_g"":1.5,""sugar_g"":3.0,""sodium_mg"":380,""cholesterol_mg"":15,""potassium_mg"":110,""calcium_mg"":35,""iron_mg"":1.0,""vitamin_c_mg"":3,""vitamin_d_iu"":2,""vitamin_b12_mcg"":0.2,""magnesium_mg"":20,""zinc_mg"":0.6}",Korean nori rice roll with fillings
Tonkotsu ramen pork,east_asian,1.02,135,7.5,18.0,4.0,1.0,1.5,650,15,"{""fiber_g"":1.0,""sugar_g"":1.5,""sodium_mg"":650,""cholesterol_mg"":15,""potassium_mg"":190,""calcium_mg"":35,""iron_mg"":1.4,""vitamin_c_mg"":0,""vitamin_d_iu"":0,""vitamin_b12_mcg"":0.3,""magnesium_mg"":21,""zinc_mg"":0.8}",Pork bone broth noodle bowl
Mapo tofu Sichuan,east_asian,1.05,150,8.5,7.0,9.5,1.5,2.0,720,18,"{""fiber_g"":1.5,""sugar_g"":2.0,""sodium_mg"":720,""cholesterol_mg"":18,""potassium_mg"":180,""calcium_mg"":210,""iron_mg"":1.8,""vitamin_c_mg"":2,""vitamin_d_iu"":0,""vitamin_b12_mcg"":0.2,""magnesium_mg"":50,""zinc_mg"":1.0}",Spicy tofu ground pork doubanjiang
Fried rice egg,east_asian,1.0,180,5.5,28.0,5.0,1.0,1.0,510,40,"{""fiber_g"":1.0,""sugar_g"":1.0,""sodium_mg"":510,""cholesterol_mg"":40,""potassium_mg"":95,""calcium_mg"":22,""iron_mg"":1.0,""vitamin_c_mg"":2,""vitamin_d_iu"":12,""vitamin_b12_mcg"":0.3,""magnesium_mg"":18,""zinc_mg"":0.7}",Wok fried rice with egg scallion
Sweet and sour pork,east_asian,,210,10.0,22.0,9.0,1.0,16.0,420,32,"{""fiber_g"":1.0,""sugar_g"":16.0,""sodium_mg"":420,""cholesterol_mg"":32,""potassium_mg"":210,""calcium_mg"":25,""iron_mg"":1.0,""vitamin_c_mg"":15,""vitamin_d_iu"":0,""vitamin_b12_mcg"":0.5,""magnesium_mg"":18,""zinc_mg"":1.3}",Battered pork pineapple sauce
Sesame chicken,east_asian,,235,15.0,20.0,11.0,1.0,10.0,560,50,"{""fiber_g"":1.0,""sugar_g"":10.0,""sodium_mg"":560,""cholesterol_mg"":50,""potassium_mg"":195,""calcium_mg"":35,""iron_mg"":1.4,""vitamin_c_mg"":2,""vitamin_d_iu"":0,""vitamin_b12_mcg"":0.3,""magnesium_mg"":28,""zinc_mg"":1.3}",Fried chicken sesame sauce
Hot and sour soup,east_asian,1.02,55,2.5,7.0,1.7,0.8,1.5,690,8,"{""fiber_g"":0.8,""sugar_g"":1.5,""sodium_mg"":690,""cholesterol_mg"":8,""potassium_mg"":92,""calcium_mg"":18,""iron_mg"":0.9,""vitamin_c_mg"":1,""vitamin_d_iu"":2,""vitamin_b12_mcg"":0.1,""magnesium_mg"":12,""zinc_mg"":0.4}",Pork tofu mushroom black vinegar pepper
Steamed pork bao bun,east_asian,,225,7.5,32.0,7.0,1.5,5.5,330,22,"{""fiber_g"":1.5,""sugar_g"":5.5,""sodium_mg"":330,""cholesterol_mg"":22,""potassium_mg"":135,""calcium_mg"":30,""iron_mg"":1.3,""vitamin_c_mg"":1,""vitamin_d_iu"":0,""vitamin_b12_mcg"":0.3,""magnesium_mg"":18,""zinc_mg"":0.8}",Char siu pork filled steamed bun
Basmati rice steamed,south_asian,0.84,121,3.0,25.2,0.4,0.4,0.1,1,0,"{""fiber_g"":0.4,""sugar_g"":0.1,""sodium_mg"":1,""cholesterol_mg"":0,""potassium_mg"":29,""calcium_mg"":10,""iron_mg"":0.4,""vitamin_c_mg"":0,""vitamin_d_iu"":0,""vitamin_b12_mcg"":0,""magnesium_mg"":12,""zinc_mg"":0.5}",Long grain Indian aromatic
Naan bread,south_asian,0.7,310,10.0,52.0,6.5,2.5,3.0,450,8,"{""fiber_g"":2.5,""sugar_g"":3.0,""sodium_mg"":450,""cholesterol_mg"":8,""potassium_mg"":135,""calcium_mg"":65,""iron_mg"":2.4,""vitamin_c_mg"":0,""vitamin_d_iu"":2,""vitamin_b12_mcg"":0.1,""magnesium_mg"":28,""zinc_mg"":0.7}",Tandoor leavened flatbread
Roti whole wheat,south_asian,0.7,265,10.4,49.0,4.0,7.4,2.0,310,0,"{""fiber_g"":7.4,""sugar_g"":2.0,""sodium_mg"":310,""cholesterol_mg"":0,""potassium_mg"":195,""calcium_mg"":45,""iron_mg"":2.6,""vitamin_c_mg"":0,""vitamin_d_iu"":0,""vitamin_b12_mcg"":0,""magnesium_mg"":78,""zinc_mg"":1.5}",Whole wheat unleavened tava bread
Chicken tikka masala,south_asian,1.05,180,13.5,9.0,10.0,1.7,5.0,520,55,"{""fiber_g"":1.7,""sugar_g"":5.0,""sodium_mg"":520,""cholesterol_mg"":55,""potassium_mg"":275,""calcium_mg"":58,""iron_mg"":1.5,""vitamin_c_mg"":3,""vitamin_d_iu"":2,""vitamin_b12_mcg"":0.3,""magnesium_mg"":28,""zinc_mg"":1.5}",Marinated chicken tomato cream sauce
Butter chicken,south_asian,1.05,220,12.0,8.0,15.0,1.5,5.0,495,72,"{""fiber_g"":1.5,""sugar_g"":5.0,""sodium_mg"":495,""cholesterol_mg"":72,""potassium_mg"":255,""calcium_mg"":75,""iron_mg"":1.3,""vitamin_c_mg"":3,""vitamin_d_iu"":12,""vitamin_b12_mcg"":0.4,""magnesium_mg"":24,""zinc_mg"":1.5}",Murgh makhani tomato butter cream
Daal lentil curry,south_asian,1.0,116,7.0,15.5,2.5,5.0,1.0,420,0,"{""fiber_g"":5.0,""sugar_g"":1.0,""sodium_mg"":420,""cholesterol_mg"":0,""potassium_mg"":260,""calcium_mg"":18,""iron_mg"":2.3,""vitamin_c_mg"":1,""vitamin_d_iu"":0,""vitamin_b12_mcg"":0,""magnesium_mg"":35,""zinc_mg"":1.2}",Tadka simmered split lentils
Saag paneer spinach,south_asian,1.05,165,9.0,7.0,11.5,2.5,1.5,485,30,"{""fiber_g"":2.5,""sugar_g"":1.5,""sodium_mg"":485,""cholesterol_mg"":30,""potassium_mg"":340,""calcium_mg"":210,""iron_mg"":2.5,""vitamin_c_mg"":15,""vitamin_d_iu"":4,""vitamin_b12_mcg"":0.4,""magnesium_mg"":60,""zinc_mg"":1.3}",Spinach paneer cream curry
Chana masala chickpea,south_asian,1.0,135,6.5,19.0,4.0,5.5,2.5,460,0,"{""fiber_g"":5.5,""sugar_g"":2.5,""sodium_mg"":460,""cholesterol_mg"":0,""potassium_mg"":320,""calcium_mg"":52,""iron_mg"":2.6,""vitamin_c_mg"":4,""vitamin_d_iu"":0,""vitamin_b12_mcg"":0,""magnesium_mg"":55,""zinc_mg"":1.6}",Chickpea tomato onion spice curry
Biryani chicken,south_asian,,210,11.5,28.0,6.5,1.5,2.5,485,40,"{""fiber_g"":1.5,""sugar_g"":2.5,""sodium_mg"":485,""cholesterol_mg"":40,""potassium_mg"":190,""calcium_mg"":35,""iron_mg"":1.7,""vitamin_c_mg"":3,""vitamin_d_iu"":0,""vitamin_b12_mcg"":0.3,""magnesium_mg"":32,""zinc_mg"":1.5}",Layered spiced rice with chicken
Samosa vegetable fried,south_asian,,295,5.5,32.0,16.0,3.0,2.0,420,2,"{""fiber_g"":3.0,""sugar_g"":2.0,""sodium_mg"":420,""cholesterol_mg"":2,""potassium_mg"":290,""calcium_mg"":30,""iron_mg"":1.7,""vitamin_c_mg"":7,""vitamin_d_iu"":0,""vitamin_b12_mcg"":0,""magnesium_mg"":28,""zinc_mg"":0.6}",Potato pea filled fried pastry
Pakora vegetable fried,south_asian,,260,7.0,25.0,15.0,4.0,2.0,440,0,"{""fiber_g"":4.0,""sugar_g"":2.0,""sodium_mg"":440,""cholesterol_mg"":0,""potassium_mg"":340,""calcium_mg"":42,""iron_mg"":2.5,""vitamin_c_mg"":12,""vitamin_d_iu"":0,""vitamin_b12_mcg"":0,""magnesium_mg"":58,""zinc_mg"":0.9}",Gram flour battered vegetables deep fried
Mango lassi,south_asian,1.05,105,2.5,21.0,1.5,0.5,18.5,42,8,"{""fiber_g"":0.5,""sugar_g"":18.5,""sodium_mg"":42,""cholesterol_mg"":8,""potassium_mg"":135,""calcium_mg"":85,""iron_mg"":0.2,""vitamin_c_mg"":12,""vitamin_d_iu"":4,""vitamin_b12_mcg"":0.3,""magnesium_mg"":12,""zinc_mg"":0.3}",Yogurt mango cardamom drink
Tandoori chicken,south_asian,1.05,165,24.0,3.0,6.5,0.5,2.0,310,75,"{""fiber_g"":0.5,""sugar_g"":2.0,""sodium_mg"":310,""cholesterol_mg"":75,""potassium_mg"":275,""calcium_mg"":35,""iron_mg"":1.2,""vitamin_c_mg"":2,""vitamin_d_iu"":3,""vitamin_b12_mcg"":0.4,""magnesium_mg"":32,""zinc_mg"":1.6}",Yogurt spice marinated clay oven roast
Aloo gobi cauliflower potato,south_asian,1.0,95,3.0,12.0,4.5,3.0,3.0,350,0,"{""fiber_g"":3.0,""sugar_g"":3.0,""sodium_mg"":350,""cholesterol_mg"":0,""potassium_mg"":340,""calcium_mg"":35,""iron_mg"":0.9,""vitamin_c_mg"":30,""vitamin_d_iu"":0,""vitamin_b12_mcg"":0,""magnesium_mg"":24,""zinc_mg"":0.4}",Potato cauliflower turmeric cumin
Raita yogurt cucumber,south_asian,1.04,55,3.0,4.5,2.5,0.3,4.0,210,8,"{""fiber_g"":0.3,""sugar_g"":4.0,""sodium_mg"":210,""cholesterol_mg"":8,""potassium_mg"":135,""calcium_mg"":105,""iron_mg"":0.1,""vitamin_c_mg"":2,""vitamin_d_iu"":4,""vitamin_b12_mcg"":0.3,""magnesium_mg"":12,""zinc_mg"":0.5}",Yogurt cucumber mint cumin
Vindaloo pork curry,south_asian,1.05,210,13.0,8.0,14.5,1.5,3.0,510,50,"{""fiber_g"":1.5,""sugar_g"":3.0,""sodium_mg"":510,""cholesterol_mg"":50,""potassium_mg"":295,""calcium_mg"":35,""iron_mg"":1.8,""vitamin_c_mg"":4,""vitamin_d_iu"":12,""vitamin_b12_mcg"":0.6,""magnesium_mg"":28,""zinc_mg"":1.7}",Goan pork vinegar chile curry
Idli steamed rice cake,south_asian,0.85,98,3.5,21.0,0.3,1.2,0.4,150,0,"{""fiber_g"":1.2,""sugar_g"":0.4,""sodium_mg"":150,""cholesterol_mg"":0,""potassium_mg"":68,""calcium_mg"":12,""iron_mg"":0.8,""vitamin_c_mg"":0,""vitamin_d_iu"":0,""vitamin_b12_mcg"":0,""magnesium_mg"":18,""zinc_mg"":0.5}",Fermented rice lentil steamed disc
Dosa lentil rice crepe,south_asian,,170,4.0,30.0,4.0,1.5,0.5,200,0,"{""fiber_g"":1.5,""sugar_g"":0.5,""sodium_mg"":200,""cholesterol_mg"":0,""potassium_mg"":75,""calcium_mg"":15,""iron_mg"":1.5,""vitamin_c_mg"":0,""vitamin_d_iu"":0,""vitamin_b12_mcg"":0,""magnesium_mg"":22,""zinc_mg"":0.6}",Fermented thin crispy crepe
Gulab jamun dessert,south_asian,,330,4.5,52.0,12.0,0.8,42.0,75,15,"{""fiber_g"":0.8,""sugar_g"":42.0,""sodium_mg"":75,""cholesterol_mg"":15,""potassium_mg"":85,""calcium_mg"":85,""iron_mg"":0.5,""vitamin_c_mg"":0,""vitamin_d_iu"":2,""vitamin_b12_mcg"":0.2,""magnesium_mg"":12,""zinc_mg"":0.4}",Fried milk solid balls in sugar syrup
Papadum lentil cracker,south_asian,,371,22.0,55.0,5.0,5.0,2.0,1430,0,"{""fiber_g"":5.0,""sugar_g"":2.0,""sodium_mg"":1430,""cholesterol_mg"":0,""potassium_mg"":510,""calcium_mg"":48,""iron_mg"":6.5,""vitamin_c_mg"":0,""vitamin_d_iu"":0,""vitamin_b12_mcg"":0,""magnesium_mg"":120,""zinc_mg"":2.5}",Dried lentil cracker fried or grilled
Pho beef broth bowl,southeast_asian,1.02,85,7.0,12.0,1.5,0.8,2.0,640,15,"{""fiber_g"":0.8,""sugar_g"":2.0,""sodium_mg"":640,""cholesterol_mg"":15,""potassium_mg"":135,""calcium_mg"":18,""iron_mg"":1.4,""vitamin_c_mg"":3,""vitamin_d_iu"":0,""vitamin_b12_mcg"":0.6,""magnesium_mg"":20,""zinc_mg"":1.2}",Vietnamese beef rice noodle soup
Banh mi sandwich,southeast_asian,,235,9.5,32.0,7.5,2.0,4.0,545,28,"{""fiber_g"":2.0,""sugar_g"":4.0,""sodium_mg"":545,""cholesterol_mg"":28,""potassium_mg"":195,""calcium_mg"":35,""iron_mg"":2.0,""vitamin_c_mg"":6,""vitamin_d_iu"":0,""vitamin_b12_mcg"":0.4,""magnesium_mg"":22,""zinc_mg"":1.0}",Vietnamese baguette pork pate pickle
Spring roll fresh Vietnamese,southeast_asian,,105,5.5,17.0,1.5,1.5,2.5,290,18,"{""fiber_g"":1.5,""sugar_g"":2.5,""sodium_mg"":290,""cholesterol_mg"":18,""potassium_mg"":105,""calcium_mg"":18,""iron_mg"":0.8,""vitamin_c_mg"":7,""vitamin_d_iu"":0,""vitamin_b12_mcg"":0.2,""magnesium_mg"":14,""zinc_mg"":0.4}",Rice paper shrimp vermicelli herb cold
Pad Thai noodles,southeast_asian,,195,7.5,28.0,6.0,1.5,7.0,540,55,"{""fiber_g"":1.5,""sugar_g"":7.0,""sodium_mg"":540,""cholesterol_mg"":55,""potassium_mg"":195,""calcium_mg"":42,""iron_mg"":1.5,""vitamin_c_mg"":4,""vitamin_d_iu"":4,""vitamin_b12_mcg"":0.4,""magnesium_mg"":35,""zinc_mg"":0.9}",Stir fried rice noodle tamarind egg peanut
Tom yum soup,southeast_asian,1.02,60,4.5,5.0,2.5,1.0,2.0,710,35,"{""fiber_g"":1.0,""sugar_g"":2.0,""sodium_mg"":710,""cholesterol_mg"":35,""potassium_mg"":195,""calcium_mg"":25,""iron_mg"":0.8,""vitamin_c_mg"":7,""vitamin_d_iu"":0,""vitamin_b12_mcg"":0.6,""magnesium_mg"":18,""zinc_mg"":0.5}",Thai sour spicy shrimp lemongrass
Green curry chicken Thai,southeast_asian,1.05,180,10.5,7.0,12.0,1.7,4.0,520,42,"{""fiber_g"":1.7,""sugar_g"":4.0,""sodium_mg"":520,""cholesterol_mg"":42,""potassium_mg"":285,""calcium_mg"":35,""iron_mg"":1.4,""vitamin_c_mg"":12,""vitamin_d_iu"":0,""vitamin_b12_mcg"":0.3,""magnesium_mg"":28,""zinc_mg"":1.0}",Coconut milk green chile curry
Massaman curry beef,southeast_asian,1.05,210,11.0,12.0,12.5,1.7,6.0,490,30,"{""fiber_g"":1.7,""sugar_g"":6.0,""sodium_mg"":490,""cholesterol_mg"":30,""potassium_mg"":325,""calcium_mg"":35,""iron_mg"":2.0,""vitamin_c_mg"":2,""vitamin_d_iu"":0,""vitamin_b12_mcg"":1.0,""magnesium_mg"":35,""zinc_mg"":1.8}",Thai Persian fusion mild peanut curry
Coconut rice,southeast_asian,0.85,165,2.5,28.0,5.0,1.0,2.0,210,0,"{""fiber_g"":1.0,""sugar_g"":2.0,""sodium_mg"":210,""cholesterol_mg"":0,""potassium_mg"":55,""calcium_mg"":12,""iron_mg"":0.4,""vitamin_c_mg"":0,""vitamin_d_iu"":0,""vitamin_b12_mcg"":0,""magnesium_mg"":15,""zinc_mg"":0.4}",Jasmine rice in coconut milk
Pad see ew Thai,southeast_asian,,220,8.5,30.0,7.5,1.5,5.0,720,40,"{""fiber_g"":1.5,""sugar_g"":5.0,""sodium_mg"":720,""cholesterol_mg"":40,""potassium_mg"":190,""calcium_mg"":48,""iron_mg"":1.6,""vitamin_c_mg"":12,""vitamin_d_iu"":4,""vitamin_b12_mcg"":0.3,""magnesium_mg"":28,""zinc_mg"":1.0}",Wide rice noodle dark soy gai lan
Larb chicken Thai salad,southeast_asian,,140,15.0,5.0,6.5,1.5,2.0,485,55,"{""fiber_g"":1.5,""sugar_g"":2.0,""sodium_mg"":485,""cholesterol_mg"":55,""potassium_mg"":285,""calcium_mg"":24,""iron_mg"":1.0,""vitamin_c_mg"":7,""vitamin_d_iu"":0,""vitamin_b12_mcg"":0.3,""magnesium_mg"":24,""zinc_mg"":1.3}",Minced chicken lime fish sauce herb
Satay chicken peanut sauce,southeast_asian,,225,15.0,8.0,14.0,1.5,5.0,520,45,"{""fiber_g"":1.5,""sugar_g"":5.0,""sodium_mg"":520,""cholesterol_mg"":45,""potassium_mg"":275,""calcium_mg"":24,""iron_mg"":1.2,""vitamin_c_mg"":2,""vitamin_d_iu"":0,""vitamin_b12_mcg"":0.3,""magnesium_mg"":52,""zinc_mg"":1.2}",Grilled skewered chicken peanut dip
Mango sticky rice,southeast_asian,,235,2.8,48.0,4.0,1.5,28.0,75,0,"{""fiber_g"":1.5,""sugar_g"":28.0,""sodium_mg"":75,""cholesterol_mg"":0,""potassium_mg"":140,""calcium_mg"":18,""iron_mg"":0.5,""vitamin_c_mg"":15,""vitamin_d_iu"":0,""vitamin_b12_mcg"":0,""magnesium_mg"":18,""zinc_mg"":0.4}",Glutinous rice coconut milk ripe mango
Fish sauce nuoc mam,southeast_asian,1.2,33,5.0,3.5,0,0,3.0,7850,0,"{""fiber_g"":0,""sugar_g"":3.0,""sodium_mg"":7850,""cholesterol_mg"":0,""potassium_mg"":280,""calcium_mg"":42,""iron_mg"":0.7,""vitamin_c_mg"":0,""vitamin_d_iu"":0,""vitamin_b12_mcg"":0.4,""magnesium_mg"":175,""zinc_mg"":0.4}",Fermented anchovy condiment
Sriracha sauce,southeast_asian,1.15,93,1.9,19.4,0.9,2.2,15.5,2124,0,"{""fiber_g"":2.2,""sugar_g"":15.5,""sodium_mg"":2124,""cholesterol_mg"":0,""potassium_mg"":105,""calcium_mg"":15,""iron_mg"":0.6,""vitamin_c_mg"":45,""vitamin_d_iu"":0,""vitamin_b12_mcg"":0,""magnesium_mg"":12,""zinc_mg"":0.2}",Chili garlic vinegar sauce
Lemongrass chicken,southeast_asian,1.05,170,18.0,5.0,8.5,0.8,3.0,495,55,"{""fiber_g"":0.8,""sugar_g"":3.0,""sodium_mg"":495,""cholesterol_mg"":55,""potassium_mg"":295,""calcium_mg"":24,""iron_mg"":1.2,""vitamin_c_mg"":4,""vitamin_d_iu"":0,""vitamin_b12_mcg"":0.3,""magnesium_mg"":28,""zinc_mg"":1.3}",Marinated grilled chicken thigh
Bun bo Hue spicy beef noodle,southeast_asian,1.02,110,8.0,13.0,3.0,1.0,2.5,720,22,"{""fiber_g"":1.0,""sugar_g"":2.5,""sodium_mg"":720,""cholesterol_mg"":22,""potassium_mg"":195,""calcium_mg"":25,""iron_mg"":1.5,""vitamin_c_mg"":4,""vitamin_d_iu"":0,""vitamin_b12_mcg"":0.6,""magnesium_mg"":24,""zinc_mg"":1.3}",Hue style beef pork noodle soup
Goi cuon shrimp roll,southeast_asian,,115,7.0,18.0,1.0,1.5,2.5,275,30,"{""fiber_g"":1.5,""sugar_g"":2.5,""sodium_mg"":275,""cholesterol_mg"":30,""potassium_mg"":125,""calcium_mg"":24,""iron_mg"":0.7,""vitamin_c_mg"":7,""vitamin_d_iu"":0,""vitamin_b12_mcg"":0.4,""magnesium_mg"":18,""zinc_mg"":0.6}",Rice paper shrimp pork vermicelli
Adobo chicken Filipino,southeast_asian,1.05,200,18.0,4.0,12.0,0.3,2.5,650,80,"{""fiber_g"":0.3,""sugar_g"":2.5,""sodium_mg"":650,""cholesterol_mg"":80,""potassium_mg"":265,""calcium_mg"":18,""iron_mg"":1.4,""vitamin_c_mg"":0,""vitamin_d_iu"":4,""vitamin_b12_mcg"":0.5,""magnesium_mg"":24,""zinc_mg"":1.5}",Soy vinegar garlic bay simmered chicken
Lumpia spring roll Filipino,southeast_asian,,260,6.5,28.0,13.5,2.0,2.5,485,15,"{""fiber_g"":2.0,""sugar_g"":2.5,""sodium_mg"":485,""cholesterol_mg"":15,""potassium_mg"":175,""calcium_mg"":28,""iron_mg"":1.2,""vitamin_c_mg"":4,""vitamin_d_iu"":2,""vitamin_b12_mcg"":0.2,""magnesium_mg"":18,""zinc_mg"":0.7}",Thin wrapper pork carrot deep fried
Sinigang sour soup,southeast_asian,1.02,75,5.5,9.5,1.5,1.5,2.5,485,18,"{""fiber_g"":1.5,""sugar_g"":2.5,""sodium_mg"":485,""cholesterol_mg"":18,""potassium_mg"":295,""calcium_mg"":35,""iron_mg"":0.9,""vitamin_c_mg"":18,""vitamin_d_iu"":0,""vitamin_b12_mcg"":0.5,""magnesium_mg"":28,""zinc_mg"":0.8}",Tamarind sour pork or shrimp soup
Shawarma chicken,middle_eastern,1.05,220,22.0,6.0,12.0,1.0,2.0,485,75,"{""fiber_g"":1.0,""sugar_g"":2.0,""sodium_mg"":485,""cholesterol_mg"":75,""potassium_mg"":285,""calcium_mg"":35,""iron_mg"":1.4,""vitamin_c_mg"":3,""vitamin_d_iu"":3,""vitamin_b12_mcg"":0.4,""magnesium_mg"":28,""zinc_mg"":1.5}",Spit roasted seasoned chicken
Lamb kebab skewer,middle_eastern,1.05,255,21.0,2.0,18.0,0.3,1.0,420,82,"{""fiber_g"":0.3,""sugar_g"":1.0,""sodium_mg"":420,""cholesterol_mg"":82,""potassium_mg"":285,""calcium_mg"":17,""iron_mg"":1.8,""vitamin_c_mg"":0,""vitamin_d_iu"":0,""vitamin_b12_mcg"":2.5,""magnesium_mg"":25,""zinc_mg"":4.2}",Ground lamb spiced grilled skewer
Fattoush salad,middle_eastern,,135,2.5,15.0,7.5,2.5,3.5,295,0,"{""fiber_g"":2.5,""sugar_g"":3.5,""sodium_mg"":295,""cholesterol_mg"":0,""potassium_mg"":195,""calcium_mg"":35,""iron_mg"":1.0,""vitamin_c_mg"":17,""vitamin_d_iu"":0,""vitamin_b12_mcg"":0,""magnesium_mg"":18,""zinc_mg"":0.5}",Toasted pita lettuce sumac dressing
Mujadara lentils and rice,middle_eastern,1.0,135,6.0,22.0,2.5,4.5,1.0,360,0,"{""fiber_g"":4.5,""sugar_g"":1.0,""sodium_mg"":360,""cholesterol_mg"":0,""potassium_mg"":225,""calcium_mg"":18,""iron_mg"":1.7,""vitamin_c_mg"":1,""vitamin_d_iu"":0,""vitamin_b12_mcg"":0,""magnesium_mg"":40,""zinc_mg"":1.0}",Lentils rice caramelized onion
Kibbeh meat bulgur,middle_eastern,,235,12.0,21.0,12.0,3.0,2.0,470,28,"{""fiber_g"":3.0,""sugar_g"":2.0,""sodium_mg"":470,""cholesterol_mg"":28,""potassium_mg"":295,""calcium_mg"":24,""iron_mg"":2.4,""vitamin_c_mg"":1,""vitamin_d_iu"":0,""vitamin_b12_mcg"":1.0,""magnesium_mg"":38,""zinc_mg"":2.4}",Bulgur lamb onion stuffed fried
Stuffed grape leaves dolma,middle_eastern,1.0,145,3.0,18.0,7.0,4.0,2.0,295,0,"{""fiber_g"":4.0,""sugar_g"":2.0,""sodium_mg"":295,""cholesterol_mg"":0,""potassium_mg"":195,""calcium_mg"":35,""iron_mg"":1.5,""vitamin_c_mg"":2,""vitamin_d_iu"":0,""vitamin_b12_mcg"":0,""magnesium_mg"":24,""zinc_mg"":0.6}",Rice herb stuffed brined grape leaves
Manakish zaatar flatbread,middle_eastern,0.7,310,8.5,38.0,14.0,3.0,2.5,495,0,"{""fiber_g"":3.0,""sugar_g"":2.5,""sodium_mg"":495,""cholesterol_mg"":0,""potassium_mg"":175,""calcium_mg"":85,""iron_mg"":2.8,""vitamin_c_mg"":0,""vitamin_d_iu"":0,""vitamin_b12_mcg"":0,""magnesium_mg"":35,""zinc_mg"":1.0}",Flatbread topped with zaatar olive oil
Knafeh dessert,middle_eastern,,335,5.5,42.0,16.0,1.0,32.0,210,40,"{""fiber_g"":1.0,""sugar_g"":32.0,""sodium_mg"":210,""cholesterol_mg"":40,""potassium_mg"":105,""calcium_mg"":110,""iron_mg"":0.6,""vitamin_c_mg"":0,""vitamin_d_iu"":12,""vitamin_b12_mcg"":0.3,""magnesium_mg"":14,""zinc_mg"":0.5}",Sweet cheese kataifi pastry syrup
Baklava walnut,middle_eastern,,440,6.5,52.0,24.0,2.5,38.0,225,18,"{""fiber_g"":2.5,""sugar_g"":38.0,""sodium_mg"":225,""cholesterol_mg"":18,""potassium_mg"":195,""calcium_mg"":42,""iron_mg"":1.4,""vitamin_c_mg"":0,""vitamin_d_iu"":2,""vitamin_b12_mcg"":0,""magnesium_mg"":52,""zinc_mg"":1.0}",Layered phyllo walnut honey syrup
Halloumi cheese grilled,middle_eastern,1.04,321,21.0,2.5,25.0,0,2.0,1450,80,"{""fiber_g"":0,""sugar_g"":2.0,""sodium_mg"":1450,""cholesterol_mg"":80,""potassium_mg"":42,""calcium_mg"":695,""iron_mg"":0.5,""vitamin_c_mg"":0,""vitamin_d_iu"":18,""vitamin_b12_mcg"":1.5,""magnesium_mg"":28,""zinc_mg"":2.7}",Brined sheep goat cheese grills well
Labneh strained yogurt,middle_eastern,1.05,140,6.0,5.0,11.0,0,5.0,80,32,"{""fiber_g"":0,""sugar_g"":5.0,""sodium_mg"":80,""cholesterol_mg"":32,""potassium_mg"":195,""calcium_mg"":135,""iron_mg"":0.1,""vitamin_c_mg"":1,""vitamin_d_iu"":4,""vitamin_b12_mcg"":0.6,""magnesium_mg"":12,""zinc_mg"":0.5}",Thick strained yogurt cheese
Foul mudammas fava beans,middle_eastern,1.0,110,7.0,17.0,1.5,5.0,1.5,295,0,"{""fiber_g"":5.0,""sugar_g"":1.5,""sodium_mg"":295,""cholesterol_mg"":0,""potassium_mg"":280,""calcium_mg"":42,""iron_mg"":2.0,""vitamin_c_mg"":2,""vitamin_d_iu"":0,""vitamin_b12_mcg"":0,""magnesium_mg"":38,""zinc_mg"":1.1}",Stewed fava beans lemon olive oil
Maftoul pearl couscous,middle_eastern,1.0,160,5.5,32.0,1.5,3.0,1.0,18,0,"{""fiber_g"":3.0,""sugar_g"":1.0,""sodium_mg"":18,""cholesterol_mg"":0,""potassium_mg"":78,""calcium_mg"":15,""iron_mg"":0.9,""vitamin_c_mg"":0,""vitamin_d_iu"":0,""vitamin_b12_mcg"":0,""magnesium_mg"":24,""zinc_mg"":0.6}",Large pearl semolina pasta
Toum garlic sauce,middle_eastern,0.95,665,1.5,4.5,72.0,0.5,1.5,360,0,"{""fiber_g"":0.5,""sugar_g"":1.5,""sodium_mg"":360,""cholesterol_mg"":0,""potassium_mg"":68,""calcium_mg"":24,""iron_mg"":0.3,""vitamin_c_mg"":5,""vitamin_d_iu"":0,""vitamin_b12_mcg"":0,""magnesium_mg"":7,""zinc_mg"":0.2}",Emulsified garlic lemon oil sauce
Muhammara red pepper dip,middle_eastern,1.0,225,4.5,12.0,18.0,3.5,5.0,345,0,"{""fiber_g"":3.5,""sugar_g"":5.0,""sodium_mg"":345,""cholesterol_mg"":0,""potassium_mg"":235,""calcium_mg"":35,""iron_mg"":1.4,""vitamin_c_mg"":52,""vitamin_d_iu"":0,""vitamin_b12_mcg"":0,""magnesium_mg"":42,""zinc_mg"":0.9}",Roasted red pepper walnut pomegranate
Jollof rice West African,african,1.0,165,3.5,28.0,4.5,1.0,2.0,395,0,"{""fiber_g"":1.0,""sugar_g"":2.0,""sodium_mg"":395,""cholesterol_mg"":0,""potassium_mg"":135,""calcium_mg"":18,""iron_mg"":1.0,""vitamin_c_mg"":7,""vitamin_d_iu"":0,""vitamin_b12_mcg"":0,""magnesium_mg"":22,""zinc_mg"":0.6}",Tomato pepper one pot rice
Injera Ethiopian flatbread,african,0.8,190,5.5,40.0,1.0,3.5,1.0,30,0,"{""fiber_g"":3.5,""sugar_g"":1.0,""sodium_mg"":30,""cholesterol_mg"":0,""potassium_mg"":195,""calcium_mg"":18,""iron_mg"":2.7,""vitamin_c_mg"":0,""vitamin_d_iu"":0,""vitamin_b12_mcg"":0,""magnesium_mg"":75,""zinc_mg"":1.8}",Fermented teff spongy crepe
Doro wat chicken stew Ethiopian,african,1.05,210,18.0,8.0,11.5,2.0,3.0,580,82,"{""fiber_g"":2.0,""sugar_g"":3.0,""sodium_mg"":580,""cholesterol_mg"":82,""potassium_mg"":295,""calcium_mg"":35,""iron_mg"":2.5,""vitamin_c_mg"":7,""vitamin_d_iu"":2,""vitamin_b12_mcg"":0.5,""magnesium_mg"":32,""zinc_mg"":1.6}",Berbere spiced chicken egg stew
Fufu cassava,african,1.05,170,1.0,42.0,0.3,1.5,1.5,5,0,"{""fiber_g"":1.5,""sugar_g"":1.5,""sodium_mg"":5,""cholesterol_mg"":0,""potassium_mg"":230,""calcium_mg"":18,""iron_mg"":0.3,""vitamin_c_mg"":15,""vitamin_d_iu"":0,""vitamin_b12_mcg"":0,""magnesium_mg"":22,""zinc_mg"":0.4}",Pounded cassava starch dough
Egusi soup melon seed,african,1.0,210,9.0,12.0,15.0,4.0,3.0,495,12,"{""fiber_g"":4.0,""sugar_g"":3.0,""sodium_mg"":495,""cholesterol_mg"":12,""potassium_mg"":340,""calcium_mg"":55,""iron_mg"":2.5,""vitamin_c_mg"":12,""vitamin_d_iu"":0,""vitamin_b12_mcg"":0.4,""magnesium_mg"":68,""zinc_mg"":1.5}",Nigerian ground melon seed stew
Bobotie spiced meatloaf South African,african,1.05,235,15.0,12.0,14.5,1.5,5.0,485,75,"{""fiber_g"":1.5,""sugar_g"":5.0,""sodium_mg"":485,""cholesterol_mg"":75,""potassium_mg"":295,""calcium_mg"":52,""iron_mg"":1.8,""vitamin_c_mg"":3,""vitamin_d_iu"":18,""vitamin_b12_mcg"":1.4,""magnesium_mg"":28,""zinc_mg"":2.5}",Curried ground beef egg custard top
Tagine chicken Moroccan,african,1.05,170,15.0,9.0,8.5,2.0,4.0,420,55,"{""fiber_g"":2.0,""sugar_g"":4.0,""sodium_mg"":420,""cholesterol_mg"":55,""potassium_mg"":325,""calcium_mg"":35,""iron_mg"":1.5,""vitamin_c_mg"":7,""vitamin_d_iu"":2,""vitamin_b12_mcg"":0.4,""magnesium_mg"":28,""zinc_mg"":1.4}",Slow simmered chicken olive preserved lemon
Couscous Moroccan,african,1.0,112,3.8,23.0,0.2,1.4,0.1,5,0,"{""fiber_g"":1.4,""sugar_g"":0.1,""sodium_mg"":5,""cholesterol_mg"":0,""potassium_mg"":58,""calcium_mg"":8,""iron_mg"":0.4,""vitamin_c_mg"":0,""vitamin_d_iu"":0,""vitamin_b12_mcg"":0,""magnesium_mg"":12,""zinc_mg"":0.4}",Plain steamed semolina pasta
Suya beef skewer Nigerian,african,1.05,255,28.0,4.0,14.0,1.0,1.0,485,68,"{""fiber_g"":1.0,""sugar_g"":1.0,""sodium_mg"":485,""cholesterol_mg"":68,""potassium_mg"":325,""calcium_mg"":22,""iron_mg"":2.8,""vitamin_c_mg"":0,""vitamin_d_iu"":3,""vitamin_b12_mcg"":2.4,""magnesium_mg"":32,""zinc_mg"":4.8}",Peanut chile spiced grilled beef
Bunny chow curry bread South African,african,,295,8.5,42.0,10.5,3.5,4.0,545,18,"{""fiber_g"":3.5,""sugar_g"":4.0,""sodium_mg"":545,""cholesterol_mg"":18,""potassium_mg"":295,""calcium_mg"":48,""iron_mg"":2.4,""vitamin_c_mg"":5,""vitamin_d_iu"":0,""vitamin_b12_mcg"":0.3,""magnesium_mg"":32,""zinc_mg"":1.2}",Hollowed bread loaf filled with curry
Chakalaka vegetable relish,african,1.0,75,1.8,11.0,2.5,2.5,5.0,420,0,"{""fiber_g"":2.5,""sugar_g"":5.0,""sodium_mg"":420,""cholesterol_mg"":0,""potassium_mg"":295,""calcium_mg"":35,""iron_mg"":1.0,""vitamin_c_mg"":42,""vitamin_d_iu"":0,""vitamin_b12_mcg"":0,""magnesium_mg"":22,""zinc_mg"":0.4}",Spicy bean tomato pepper relish
Kelewele spicy plantain Ghanaian,african,,260,1.7,42.0,9.5,3.5,18.0,80,0,"{""fiber_g"":3.5,""sugar_g"":18.0,""sodium_mg"":80,""cholesterol_mg"":0,""potassium_mg"":485,""calcium_mg"":12,""iron_mg"":0.7,""vitamin_c_mg"":15,""vitamin_d_iu"":0,""vitamin_b12_mcg"":0,""magnesium_mg"":35,""zinc_mg"":0.3}",Ginger pepper spiced fried plantain
Misir wat Ethiopian red lentil,african,1.0,120,7.5,18.5,2.0,5.0,1.5,395,0,"{""fiber_g"":5.0,""sugar_g"":1.5,""sodium_mg"":395,""cholesterol_mg"":0,""potassium_mg"":295,""calcium_mg"":24,""iron_mg"":2.4,""vitamin_c_mg"":3,""vitamin_d_iu"":0,""vitamin_b12_mcg"":0,""magnesium_mg"":38,""zinc_mg"":1.0}",Berbere spiced red lentil stew
Ndole Cameroonian bitter leaf,african,1.0,165,9.5,9.0,10.0,4.0,2.0,415,15,"{""fiber_g"":4.0,""sugar_g"":2.0,""sodium_mg"":415,""cholesterol_mg"":15,""potassium_mg"":340,""calcium_mg"":85,""iron_mg"":2.0,""vitamin_c_mg"":18,""vitamin_d_iu"":0,""vitamin_b12_mcg"":0.4,""magnesium_mg"":52,""zinc_mg"":1.0}",Bitter greens peanut beef stew
Akara black eyed pea fritter,african,,220,8.0,22.0,12.0,3.5,2.0,395,0,"{""fiber_g"":3.5,""sugar_g"":2.0,""sodium_mg"":395,""cholesterol_mg"":0,""potassium_mg"":345,""calcium_mg"":42,""iron_mg"":2.5,""vitamin_c_mg"":2,""vitamin_d_iu"":0,""vitamin_b12_mcg"":0,""magnesium_mg"":58,""zinc_mg"":1.6}",West African black eyed pea fried fritter
ViaCura Whey Protein Vanilla,viacura_branded,,375,75.0,8.0,4.5,1.0,3.0,310,15,"{""fiber_g"":1.0,""sugar_g"":3.0,""sodium_mg"":310,""cholesterol_mg"":15,""potassium_mg"":425,""calcium_mg"":210,""iron_mg"":0.5,""vitamin_c_mg"":0,""vitamin_d_iu"":50,""vitamin_b12_mcg"":2.5,""magnesium_mg"":52,""zinc_mg"":2.5}",Whey isolate concentrate blend vanilla
ViaCura Whey Protein Chocolate,viacura_branded,,378,73.0,10.0,4.8,2.0,4.0,325,18,"{""fiber_g"":2.0,""sugar_g"":4.0,""sodium_mg"":325,""cholesterol_mg"":18,""potassium_mg"":425,""calcium_mg"":215,""iron_mg"":1.2,""vitamin_c_mg"":0,""vitamin_d_iu"":50,""vitamin_b12_mcg"":2.5,""magnesium_mg"":58,""zinc_mg"":2.5}",Whey blend cocoa
ViaCura Plant Protein Vanilla,viacura_branded,,365,68.0,12.0,5.5,3.0,3.0,295,0,"{""fiber_g"":3.0,""sugar_g"":3.0,""sodium_mg"":295,""cholesterol_mg"":0,""potassium_mg"":480,""calcium_mg"":195,""iron_mg"":6.5,""vitamin_c_mg"":0,""vitamin_d_iu"":50,""vitamin_b12_mcg"":2.5,""magnesium_mg"":135,""zinc_mg"":3.0}",Pea hemp rice blend vanilla
ViaCura Plant Protein Berry,viacura_branded,,365,67.0,13.0,5.5,3.0,4.0,295,0,"{""fiber_g"":3.0,""sugar_g"":4.0,""sodium_mg"":295,""cholesterol_mg"":0,""potassium_mg"":485,""calcium_mg"":195,""iron_mg"":6.5,""vitamin_c_mg"":12,""vitamin_d_iu"":50,""vitamin_b12_mcg"":2.5,""magnesium_mg"":135,""zinc_mg"":3.0}",Pea hemp rice blend berry
ViaCura Electrolyte Powder Lemon,viacura_branded,,200,1.0,42.0,1.0,1.5,32.0,2350,0,"{""fiber_g"":1.5,""sugar_g"":32.0,""sodium_mg"":2350,""cholesterol_mg"":0,""potassium_mg"":1750,""calcium_mg"":85,""iron_mg"":0,""vitamin_c_mg"":250,""vitamin_d_iu"":0,""vitamin_b12_mcg"":0,""magnesium_mg"":195,""zinc_mg"":1.5}",Hydration powder per 100g serving
ViaCura Electrolyte Powder Berry,viacura_branded,,205,1.0,43.0,1.0,1.5,33.0,2350,0,"{""fiber_g"":1.5,""sugar_g"":33.0,""sodium_mg"":2350,""cholesterol_mg"":0,""potassium_mg"":1750,""calcium_mg"":85,""iron_mg"":0,""vitamin_c_mg"":250,""vitamin_d_iu"":0,""vitamin_b12_mcg"":0,""magnesium_mg"":195,""zinc_mg"":1.5}",Hydration powder berry per 100g serving
ViaCura Pre Workout Citrus,viacura_branded,,255,4.0,50.0,1.0,2.0,32.0,895,0,"{""fiber_g"":2.0,""sugar_g"":32.0,""sodium_mg"":895,""cholesterol_mg"":0,""potassium_mg"":340,""calcium_mg"":48,""iron_mg"":0.3,""vitamin_c_mg"":100,""vitamin_d_iu"":0,""vitamin_b12_mcg"":12.0,""magnesium_mg"":85,""zinc_mg"":0.7}",Caffeine beta alanine citrus blend
ViaCura Greens Powder,viacura_branded,,295,22.0,42.0,3.0,18.0,5.0,485,0,"{""fiber_g"":18.0,""sugar_g"":5.0,""sodium_mg"":485,""cholesterol_mg"":0,""potassium_mg"":1450,""calcium_mg"":485,""iron_mg"":12.0,""vitamin_c_mg"":195,""vitamin_d_iu"":250,""vitamin_b12_mcg"":15.0,""magnesium_mg"":195,""zinc_mg"":4.5}",Spirulina chlorella wheatgrass blend
ViaCura Collagen Peptides Unflavored,viacura_branded,,360,90.0,0,0,0,0,75,0,"{""fiber_g"":0,""sugar_g"":0,""sodium_mg"":75,""cholesterol_mg"":0,""potassium_mg"":12,""calcium_mg"":18,""iron_mg"":0,""vitamin_c_mg"":0,""vitamin_d_iu"":0,""vitamin_b12_mcg"":0,""magnesium_mg"":3,""zinc_mg"":0.1}",Bovine hydrolyzed peptides
ViaCura MCT Oil Powder,viacura_branded,,710,4.0,7.0,71.0,3.0,0,75,0,"{""fiber_g"":3.0,""sugar_g"":0,""sodium_mg"":75,""cholesterol_mg"":0,""potassium_mg"":35,""calcium_mg"":18,""iron_mg"":0,""vitamin_c_mg"":0,""vitamin_d_iu"":0,""vitamin_b12_mcg"":0,""magnesium_mg"":7,""zinc_mg"":0.1}",C8 C10 MCT bound to acacia fiber
ViaCura BCAA Powder Watermelon,viacura_branded,,210,52.0,1.0,0.5,1.0,1.0,295,0,"{""fiber_g"":1.0,""sugar_g"":1.0,""sodium_mg"":295,""cholesterol_mg"":0,""potassium_mg"":195,""calcium_mg"":24,""iron_mg"":0.2,""vitamin_c_mg"":0,""vitamin_d_iu"":0,""vitamin_b12_mcg"":0,""magnesium_mg"":18,""zinc_mg"":0.3}",2 1 1 leucine isoleucine valine ratio
ViaCura Creatine Monohydrate,viacura_branded,,355,89.0,0,0,0,0,18,0,"{""fiber_g"":0,""sugar_g"":0,""sodium_mg"":18,""cholesterol_mg"":0,""potassium_mg"":2,""calcium_mg"":2,""iron_mg"":0,""vitamin_c_mg"":0,""vitamin_d_iu"":0,""vitamin_b12_mcg"":0,""magnesium_mg"":0,""zinc_mg"":0}",Micronized creatine monohydrate
ViaCura Omega 3 Fish Oil softgel,viacura_branded,,900,0,0,100,0,0,0,0,"{""fiber_g"":0,""sugar_g"":0,""sodium_mg"":0,""cholesterol_mg"":0,""potassium_mg"":0,""calcium_mg"":0,""iron_mg"":0,""vitamin_c_mg"":0,""vitamin_d_iu"":2500,""vitamin_b12_mcg"":0,""magnesium_mg"":0,""zinc_mg"":0}",EPA DHA fish oil per 100g pure oil
ViaCura Multivitamin tablet,viacura_branded,,250,1.0,52.0,1.5,4.0,12.0,12,0,"{""fiber_g"":4.0,""sugar_g"":12.0,""sodium_mg"":12,""cholesterol_mg"":0,""potassium_mg"":850,""calcium_mg"":1850,""iron_mg"":85,""vitamin_c_mg"":850,""vitamin_d_iu"":4250,""vitamin_b12_mcg"":195,""magnesium_mg"":850,""zinc_mg"":85}",Daily multivitamin tablet per 100g
ViaCura Magnesium Glycinate capsule,viacura_branded,,165,1.0,30.0,0.5,0.5,0,0,0,"{""fiber_g"":0.5,""sugar_g"":0,""sodium_mg"":0,""cholesterol_mg"":0,""potassium_mg"":0,""calcium_mg"":0,""iron_mg"":0,""vitamin_c_mg"":0,""vitamin_d_iu"":0,""vitamin_b12_mcg"":0,""magnesium_mg"":15500,""zinc_mg"":0}",Chelated magnesium glycinate per 100g
ViaCura Vitamin D3 K2 softgel,viacura_branded,,900,0,0,100,0,0,0,0,"{""fiber_g"":0,""sugar_g"":0,""sodium_mg"":0,""cholesterol_mg"":0,""potassium_mg"":0,""calcium_mg"":0,""iron_mg"":0,""vitamin_c_mg"":0,""vitamin_d_iu"":250000,""vitamin_b12_mcg"":0,""magnesium_mg"":0,""zinc_mg"":0}",Cholecalciferol with menaquinone 7
ViaCura Probiotic capsule,viacura_branded,,310,15.0,52.0,4.0,12.0,0,0,0,"{""fiber_g"":12.0,""sugar_g"":0,""sodium_mg"":0,""cholesterol_mg"":0,""potassium_mg"":0,""calcium_mg"":0,""iron_mg"":0,""vitamin_c_mg"":0,""vitamin_d_iu"":0,""vitamin_b12_mcg"":0,""magnesium_mg"":0,""zinc_mg"":0}",Multistrain CFU live cultures
ViaCura Apple Cider Vinegar gummy,viacura_branded,,335,2.0,82.0,0,1.0,55.0,18,0,"{""fiber_g"":1.0,""sugar_g"":55.0,""sodium_mg"":18,""cholesterol_mg"":0,""potassium_mg"":85,""calcium_mg"":18,""iron_mg"":0.3,""vitamin_c_mg"":18,""vitamin_d_iu"":0,""vitamin_b12_mcg"":3.5,""magnesium_mg"":0,""zinc_mg"":0.3}",ACV pectin gummy
ViaCura Protein Bar Peanut Butter Chocolate,viacura_branded,,405,30.0,38.0,17.0,8.0,12.0,395,5,"{""fiber_g"":8.0,""sugar_g"":12.0,""sodium_mg"":395,""cholesterol_mg"":5,""potassium_mg"":295,""calcium_mg"":135,""iron_mg"":4.5,""vitamin_c_mg"":0,""vitamin_d_iu"":50,""vitamin_b12_mcg"":1.0,""magnesium_mg"":85,""zinc_mg"":2.5}",Whey peanut butter chocolate coating
ViaCura Protein Bar Birthday Cake,viacura_branded,,395,30.0,42.0,14.0,6.0,15.0,420,5,"{""fiber_g"":6.0,""sugar_g"":15.0,""sodium_mg"":420,""cholesterol_mg"":5,""potassium_mg"":275,""calcium_mg"":135,""iron_mg"":3.5,""vitamin_c_mg"":0,""vitamin_d_iu"":50,""vitamin_b12_mcg"":1.0,""magnesium_mg"":78,""zinc_mg"":2.5}",Whey cake sprinkle bar
ViaCura Protein Cookie Double Chocolate,viacura_branded,,425,22.0,42.0,18.0,7.0,16.0,380,12,"{""fiber_g"":7.0,""sugar_g"":16.0,""sodium_mg"":380,""cholesterol_mg"":12,""potassium_mg"":285,""calcium_mg"":110,""iron_mg"":3.0,""vitamin_c_mg"":0,""vitamin_d_iu"":35,""vitamin_b12_mcg"":0.8,""magnesium_mg"":72,""zinc_mg"":2.0}",Soft baked double chocolate protein cookie
ViaCura Protein Powder Snack Mix,viacura_branded,,460,18.0,42.0,22.0,7.0,8.0,495,2,"{""fiber_g"":7.0,""sugar_g"":8.0,""sodium_mg"":495,""cholesterol_mg"":2,""potassium_mg"":320,""calcium_mg"":85,""iron_mg"":2.5,""vitamin_c_mg"":0,""vitamin_d_iu"":35,""vitamin_b12_mcg"":0.6,""magnesium_mg"":85,""zinc_mg"":1.8}",Nut seed protein puff trail mix
ViaCura Almond Crunch Bar,viacura_branded,,440,15.0,38.0,24.0,6.0,12.0,295,2,"{""fiber_g"":6.0,""sugar_g"":12.0,""sodium_mg"":295,""cholesterol_mg"":2,""potassium_mg"":340,""calcium_mg"":135,""iron_mg"":2.5,""vitamin_c_mg"":0,""vitamin_d_iu"":35,""vitamin_b12_mcg"":0.6,""magnesium_mg"":110,""zinc_mg"":2.0}",Whole almond honey crunch bar
ViaCura Recovery Drink Berry Blast,viacura_branded,,260,42.0,18.0,2.5,1.0,12.0,495,15,"{""fiber_g"":1.0,""sugar_g"":12.0,""sodium_mg"":495,""cholesterol_mg"":15,""potassium_mg"":485,""calcium_mg"":195,""iron_mg"":0.8,""vitamin_c_mg"":85,""vitamin_d_iu"":50,""vitamin_b12_mcg"":2.5,""magnesium_mg"":82,""zinc_mg"":2.5}",Post workout whey carb electrolyte
ViaCura Sleep Tea Chamomile,viacura_branded,,5,0.5,1.0,0,0.5,0,2,0,"{""fiber_g"":0.5,""sugar_g"":0,""sodium_mg"":2,""cholesterol_mg"":0,""potassium_mg"":12,""calcium_mg"":3,""iron_mg"":0,""vitamin_c_mg"":0,""vitamin_d_iu"":0,""vitamin_b12_mcg"":0,""magnesium_mg"":3,""zinc_mg"":0}",Loose leaf chamomile lavender brew
ViaCura Hydration Tablet effervescent,viacura_branded,,180,1.0,42.0,1.0,2.0,28.0,3850,0,"{""fiber_g"":2.0,""sugar_g"":28.0,""sodium_mg"":3850,""cholesterol_mg"":0,""potassium_mg"":2050,""calcium_mg"":135,""iron_mg"":0,""vitamin_c_mg"":485,""vitamin_d_iu"":0,""vitamin_b12_mcg"":0,""magnesium_mg"":195,""zinc_mg"":3.5}",Dissolvable electrolyte tablet
ViaCura Adaptogen Blend powder,viacura_branded,,310,15.0,55.0,2.5,18.0,3.0,32,0,"{""fiber_g"":18.0,""sugar_g"":3.0,""sodium_mg"":32,""cholesterol_mg"":0,""potassium_mg"":680,""calcium_mg"":85,""iron_mg"":4.5,""vitamin_c_mg"":12,""vitamin_d_iu"":0,""vitamin_b12_mcg"":0,""magnesium_mg"":195,""zinc_mg"":1.5}",Ashwagandha rhodiola reishi blend
ViaCura Pre Bedtime Casein Powder,viacura_branded,,370,73.0,8.0,5.0,1.0,3.0,395,12,"{""fiber_g"":1.0,""sugar_g"":3.0,""sodium_mg"":395,""cholesterol_mg"":12,""potassium_mg"":295,""calcium_mg"":1450,""iron_mg"":0.4,""vitamin_c_mg"":0,""vitamin_d_iu"":50,""vitamin_b12_mcg"":2.5,""magnesium_mg"":42,""zinc_mg"":2.5}",Slow digesting micellar casein
ViaCura Coffee Booster Mushroom Mocha,viacura_branded,,295,15.0,42.0,7.0,12.0,4.0,85,5,"{""fiber_g"":12.0,""sugar_g"":4.0,""sodium_mg"":85,""cholesterol_mg"":5,""potassium_mg"":295,""calcium_mg"":85,""iron_mg"":1.0,""vitamin_c_mg"":0,""vitamin_d_iu"":12,""vitamin_b12_mcg"":2.0,""magnesium_mg"":78,""zinc_mg"":0.8}",Coffee lions mane cordyceps protein blend
ViaCura Energy Gel raspberry,viacura_branded,,265,0,65.0,0,0,32.0,195,0,"{""fiber_g"":0,""sugar_g"":32.0,""sodium_mg"":195,""cholesterol_mg"":0,""potassium_mg"":85,""calcium_mg"":15,""iron_mg"":0,""vitamin_c_mg"":0,""vitamin_d_iu"":0,""vitamin_b12_mcg"":0,""magnesium_mg"":12,""zinc_mg"":0}",Endurance carb gel for athletes
